run,hr,min,sec,AoA,AoS,dPb,pBar,temp,B1,B2,B3,B4,B5,B6,rpmWT,rho,q,V,Re,rpsM1,rpsM2,iM1,iM2,dPtQ,tM1,tM2,vM1,vM2,pInf,nu,J_M1,J_M2,FX,FY,FZ,MX,MY,MZ,CFX,CFY,CFZ,CMX,CMY,CMZ,CN,CT,CY,CL,CD,CYaw,CMroll,CMpitch,CMpitch25c,CMyaw,B1_zeroed,B2_zeroed,B3_zeroed,B4_zeroed,B5_zeroed,B6_zeroed,B1_zero,B2_zero,B3_zero,B4_zero,B5_zero,B6_zero,config,source_file,dR,dE,V_round,AoA_round,AoS_round,J,J_round,CT_one_prop_BEM,CFt_thrust_BEM,Tc_star_BEM,CFt_aero_BEM,CD_aero_BEM,CL_aero_BEM,CYaw_aero_BEM,CT_one_prop_EXP,CFt_thrust_EXP,Tc_star_EXP,CFt_aero_EXP,CD_aero_EXP,CL_aero_EXP,CYaw_aero_EXP,CT_propoff_inv,delta_CT,delta_T,CT_one_prop_delta,CT_both_prop_delta,propoff_match_found,CD_modeloff,CYaw_modeloff,CL_modeloff,CMroll_modeloff,CMpitch_modeloff,CMyaw_modeloff,modeloff_correction_found,CD_aero_EXP_uncorrected,CYaw_aero_EXP_uncorrected,CL_aero_EXP_uncorrected,CMroll_uncorrected,CMpitch_uncorrected,CMyaw_uncorrected,CMpitch25c_uncorrected,matched_fit_velocity,velocity_match_error,fit_found,fit_match_type,matched_fit_AoS,matched_fit_dR,matched_fit_source_row,CD0_fit,k_fit,esb,CL2_fit,CDi_fit,CDsep_fit,ewb,ess,e_total_blockage,V_FINAL,J_blockage_corr,CL_aero_EXP_blockage_corr,CD_aero_EXP_blockage_corr,CYaw_FINAL,CMpitch_blockage_corr,CMroll_FINAL,CMyaw_FINAL,CFt_FINAL,CL_alpha_per_deg_tailoff,delta_alpha_sc_rad,delta_alpha_sc_deg,AoA_sc_corr,delta_CL_sc,delta_CMpitch_sc,CL_FINAL,CMpitch_blockage_corr_sc_corr,streamline_curvature_data_found,delta_alpha_dw_deg,delta_alpha_dw_rad,delta_CD_dw,AoA_FINAL,CD_FINAL,downwash_data_found,CLw_tailoff,delta_alpha_tail_rad,delta_alpha_tail_deg,delta_CMpitch_tail,TAILONLY_AoA_tail_corr,CMpitch_FINAL,tail_correction_data_found
4.0,17.0,20.0,16.0,2.496,0.0,413.22,101106.0,290.81,788.1,1844.2,1294.7,283.5,422.4,-1323.6,0.0,1.2111837665772662,968.376508682172,39.98822250188802,443397.0123409999,98.44,98.43,6.44,7.87,0.0,21.129,21.653,28.525,28.589,101106.0,1.4878860687823469e-05,1.9991104588813853,1.9993135585927413,7.352540167190499,13.14918597295706,107.13484671210308,-2.542902906018317,-2.537051679296379,8.644608059925003,0.0349618126538645,0.0625252451647622,0.5094332508597899,-0.0086579981384831,-0.0731232540013728,0.0294328974628212,0.5104725077494743,0.0127430081841154,-0.0625252451647622,0.5094332508597899,0.0349618126538645,-0.0625252451647622,0.0081079636878203,-0.07608984467534341,-0.07608984467534341,0.026445392807218002,800.3666666666667,1849.4333333333332,1299.8666666666668,285.2333333333333,401.5,-1326.6999999999998,-12.266666666666666,-5.233333333333333,-5.166666666666667,-1.7333333333333336,20.9,3.1,rudder_m20_elevator_0,raw_rudder_m20_elevator_0.txt,-20.0,0.0,40.0,2.5,0.0,1.9991104588813853,2.0,0.20842110580285864,0.039656619544316735,0.13280310448371035,0.05239962772843214,0.07458080854965712,0.5077062193337745,-0.0625252451647622,0.15694778493628964,0.029862707865243063,0.10000500189791764,0.042605716049358464,0.05674618870369791,0.49532802490456257,-0.061044888021905094,,,,,,False,0.00805,-0.0014803571428571,0.0128047157622739,-0.0004333333333333,-0.0068874999999999,0.00335,True,0.06479618870369791,-0.0625252451647622,0.5081327406668364,0.007674630354487,-0.0829773446753433,0.029795392807218,-0.0829773446753433,40.0,0.0,True,exact_AoS_exact_dR,0.0,-20.0,328.0,0.04019709559015745,0.06095841114194795,0.007219591,0.24534985225585496,0.014956137167428591,0.0015929559461118643,0.001263376729427498,-0.0018493787887190881,0.006633588940708411,40.25348793243513,2.012371735912675,0.48882123627549773,0.05600075247389619,-0.060242982691957325,-0.0750903039442971,0.008001454862806926,0.026097997601299026,0.02936243376653901,0.0849543927173969,0.0003798401876512003,0.021763239641870987,2.5177632396418708,-0.001848882807338328,0.000462220701834582,0.4869723534681594,-0.07462808324246252,True,0.31264138635390964,0.0054566215698753934,0.0027362334857662174,2.8304046259957802,0.058736985959662404,True,0.5014888801603589,0.009544406815858462,0.5468945105486899,-0.08573118347361262,3.04289451054869,0.011103100231150104,True
1.0,17.0,17.0,7.0,2.496,4.0,413.81,101101.0,290.5,809.5,-428.2,696.7,860.7,460.6,-25.3,0.0,1.2124162911880931,969.769728920426,39.99663253237486,444308.8042373147,98.44,98.42,6.9,6.8,0.0,20.503,20.594,28.612,28.743,101101.0,1.4851449705370646e-05,1.9995308971718089,1.9999372233041337,7.603355027514802,-7.216187417281273,106.82648115503552,-5.022943558004886,-2.312526063937661,0.1588977406771972,0.0361025125137948,-0.0342641499169136,0.5072371813163812,-0.0170773952470912,-0.066556190140589,0.0005402329311643,0.5083281987643795,0.0139782638606351,0.0342641499169136,0.5072371813163812,0.0384047148818611,0.0316623002035607,-0.020599676921507,-0.072744290456031,-0.072744290456031,0.0065254273898312,827.2,-431.7,703.5,860.6,438.8,-26.9,-17.7,3.5,-6.8,0.1,21.8,1.6,rudder_m20_elevator_0,raw_rudder_m20_elevator_0.txt,-20.0,0.0,40.0,2.5,4.0,1.9995308971718089,2.0,0.20826936314176822,0.039611084044726005,0.1326506140349693,0.05358934790536111,0.07788181941340874,0.5055121328450046,0.02890179213890883,0.15678871700010777,0.02981989742835348,0.09986163720903167,0.04379816128898858,0.06067375025514009,0.4969338197402916,0.023464499948728054,,,,,,False,0.00745,0.0061196428571428,0.0090047157622739,-0.0061333333333333,-0.0039875,-0.00715,True,0.06812375025514009,0.029584142805870853,0.5059385355025655,-0.0267330102548403,-0.076731790456031,-0.0006245726101688,-0.076731790456031,40.0,0.0,True,exact_AoS_exact_dR,4.0,-20.0,346.0,0.0441704734172974,0.05868081153313677,0.007219591,0.24694322120167664,0.014490828622721292,0.0020124482151213964,0.001422626278726912,-0.0018474778619482397,0.0067947394167786725,40.268399227981,2.0131171885738888,0.4902489578533301,0.05985755376275489,0.02314885038902242,-0.07176571843004628,-0.02032256558461254,0.006437645920505536,0.029311082752913734,0.08379140479445407,0.00038266663869872226,0.021925183357894326,2.517925183357894,-0.0018371419139339513,0.00045928547848348783,0.48841181593939614,-0.07130643295156279,True,0.3149678004688115,0.005497225155945301,0.0027771064875283815,2.8328929838267056,0.06263466025028327,True,0.5052205384122537,0.009615428259928071,0.5509640392938784,-0.08636912279970838,3.0469640392938784,0.015062689848145586,True
2.0,17.0,18.0,4.0,2.496,8.0,413.45,101104.0,290.63,508.3,-2894.0,101.3,1653.4,181.6,1226.0,0.0,1.211909932667162,968.9196246045556,39.98744921210356,443867.2703991036,98.42,98.43,7.98,6.06,0.0,20.618,20.945,28.89,28.665,101104.0,1.4862809760720225e-05,1.9994780330453228,1.999274895990253,4.792262915720875,-31.173048377339043,112.0740194845113,-7.826694062111748,-3.01456195211257,-8.001160292735243,0.0227747524649654,-0.1481468093170123,0.5326206212810651,-0.0266331516102841,-0.0868374181123607,-0.0272268359339839,0.5331071373955024,-0.0004422913531882,0.1481468093170123,0.5326206212810651,0.0431711609895367,0.1435354218284363,-0.0473048344472705,-0.1144690496971241,-0.1144690496971241,-0.009629311195327901,521.1,-2897.3,110.3,1651.4,156.0,1220.2,-12.8,3.3,-9.0,2.0,25.6,5.8,rudder_m20_elevator_0,raw_rudder_m20_elevator_0.txt,-20.0,0.0,40.0,2.5,8.0,1.9994780330453228,2.0,0.20828844526085552,0.039616808075144824,0.13266978281482278,0.039174516721956626,0.08236520091703238,0.5308953235302214,0.1380270587416672,0.1567963813772777,0.029822932040811705,0.09987179959705132,0.029380640687623506,0.06982583958316396,0.5221171275486938,0.08106916681411935,,,,,,False,0.00285,0.0583196428571428,0.0092047157622739,-0.0198333333333333,0.0212125,-0.02055,True,0.07267583958316397,0.13938880967126216,0.5313218433109677,-0.0671381677806038,-0.0932565496971241,-0.0301793111953279,-0.0932565496971241,40.0,0.0,True,exact_AoS_exact_dR,8.0,-20.0,371.0,0.05594063441392008,0.0527568252102957,0.007219591,0.27260629487969895,0.014381842650194605,0.0,0.001467428236075295,-0.0018477168412507478,0.006839302394824547,40.260935469262826,2.0131530679451286,0.5150478989807884,0.06888042945598279,0.07997152714711722,-0.11291919079849139,-0.04666434849224216,-0.009498934698945076,0.029311461610096512,0.08577161475725736,0.00039371647014572423,0.022558292064138473,2.5185582920641383,-0.001934861136506981,0.00048371528412674526,0.5131130378442814,-0.11243547551436464,True,0.3240627691816536,0.0056559623053502655,0.002939804804868758,2.842621061245792,0.07182023426085155,True,0.5198092201222739,0.009893082099636307,0.5668736043091603,-0.08886310621150398,3.0628736043091602,-0.023572369302860663,True
3.0,17.0,18.0,49.0,2.496,10.0,413.27,101103.0,290.71,330.1,-3931.4,-197.7,2031.0,31.8,1709.0,0.0,1.211564445727421,968.4945769444824,39.98437706931307,443611.97787620977,98.43,98.43,7.14,7.02,0.0,20.79,21.22,28.855,28.611,101103.0,1.4870220568739444e-05,1.999121296346392,1.999121296346392,3.065151877192533,-41.8584898958199,113.32130386928944,-8.123402393455388,-3.16332361165506,-11.18160035468108,0.014573222189432,-0.1990156110386959,0.5387845712871872,-0.0276549405316352,-0.0911626352509436,-0.0380661301607249,0.5389080657471974,-0.0089044783516518,0.1990156110386959,0.5387845712871873,0.0489105203826623,0.1934615032454396,-0.06307752683451259,-0.1122826411828681,-0.1122826411828681,-0.021527214299849797,333.1,-3942.1,-187.5,2029.8,4.100000000000001,1705.3,-3.0,10.7,-10.2,1.2,27.7,3.7,rudder_m20_elevator_0,raw_rudder_m20_elevator_0.txt,-20.0,0.0,40.0,2.5,10.0,1.999121296346392,2.0,0.20841719499802022,0.03965544547228053,0.13279917272116762,0.030750967120628733,0.08792645956911559,0.5370575908915871,0.18658194048918716,0.15693751115899085,0.02986042930085445,0.09999737138306158,0.020955950949202648,0.07203940340385778,0.52847944456262,0.12636157064858217,,,,,,False,0.00625,0.0619196428571428,0.0090047157622739,-0.0189333333333333,0.0170125,-0.0201499999999999,True,0.07828940340385779,0.18828121350572496,0.5374841603248939,-0.0820108601678459,-0.0952701411828681,-0.0416772142998497,-0.0952701411828681,40.0,0.0,True,exact_AoS_exact_dR,10.0,-20.0,389.0,0.05903268874274865,0.05113703453127525,0.007219591,0.2792905233252153,0.014282089135539472,0.0,0.0015485386467300733,-0.0018493297812776604,0.006918799865452413,40.26102097200044,2.0129528165025765,0.521241758017818,0.07105280188874458,0.1246310105500334,-0.1107448963005167,-0.062213660941625545,-0.02123239256006758,0.02934359644641166,0.08630268656025995,0.00039824623722809773,0.022817828600135766,2.518817828600136,-0.001969239909663252,0.000492309977415813,0.5192725181081548,-0.11025258632310089,True,0.32779115998003333,0.005721035000583052,0.003007839733395452,2.846608988580169,0.07406064162214003,True,0.52578970321853,0.01000690349405642,0.5733955702094329,-0.08988548958603071,3.0693955702094327,-0.020367096737070184,True
1.0,12.0,48.0,53.0,-4.996,0.0,414.34,101170.0,290.45,-619.2,925.6,-346.6,-912.5,45.0,-701.9,0.0,1.2134526039979827,971.0212932130448,40.00533998428826,444844.7576862209,123.02,123.03,17.46,17.61,0.0,19.691,20.772,34.09,33.511,101170.0,1.48367858629074e-05,1.6003631373030802,1.6002330582055182,-5.863858106526021,6.0197828451074695,-75.94717092998704,-2.828415237606084,6.252893085297141,4.53287020069566,-0.0278070860169263,0.0285464989664102,-0.3601501735592838,-0.0096038721582797,0.1797308758151738,0.0153913418859964,-0.3563602706027733,-0.0590655490404786,-0.0285464989664102,-0.3601501735592838,-0.0278070860169263,-0.0285464989664102,0.0013883357312066999,0.18611838554908058,0.18611838554908058,0.0127685433165537,-638.1,914.8,-337.0,-902.8,7.600000000000001,-695.6999999999999,18.9,10.8,-9.6,-9.7,37.4,-6.2,rudder_m10_elevator_0,raw_rudder_m10_elevator_0.txt,-10.0,0.0,40.0,-5.0,0.0,1.6003631373030802,1.6,0.32707341345439134,0.09710816385562826,0.32519830935989225,0.03804261481514966,0.06893214258787729,-0.35169339306319103,-0.0285464989664102,0.3147856794311225,0.09345993309194878,0.3129810206233124,0.034394384051470175,0.059397772254448186,-0.37566110359897464,-0.0323964989664102,,,,,,False,0.0059,0.00385,0.02365,-0.0015999999999999,0.00145,0.0026999999999999,True,0.06529777225444819,-0.0285464989664102,-0.35201110359897464,-0.0002116642687932,0.1875683855490806,0.0154685433165536,0.1875683855490806,40.0,0.0,True,exact_AoS_exact_dR,0.0,-10.0,329.0,0.03769917476265525,0.06134922519473465,0.007219591,0.14112126475719955,0.008657680251355207,0.013040917240437726,0.0026993595267589482,-0.00396571097909823,0.005953239547660718,40.24350135640034,1.6098904824226912,-0.3712279293073482,0.05869681952227659,-0.03201418808838566,0.18392200366628655,0.001371951990082673,0.012617861818176132,0.0916331091626037,0.0849543927173969,-0.0001513415259752923,-0.00867123070345377,-5.004671230703455,0.0007366591385243612,-0.0001841647846310903,-0.3704912701688238,0.18373783888165546,True,-0.12456718912870962,-0.0021741075902504694,0.0004343777256542913,-5.1292384198321646,0.05913119724793088,True,-0.19981059100782428,-0.003802823237248988,-0.217901771494367,0.03415828169945698,-5.213901771494368,0.14957955718219848,True
8.0,12.0,53.0,8.0,-4.995,0.0,413.7,101161.0,290.67999999999995,1533.2,1283.8,-582.9,-1291.7,1682.5,-929.6,0.0,1.2123845995887763,969.5099735513668,39.991798252437086,444030.19039940194,82.02,82.03,1.03,0.87,0.0,23.786,23.813,31.732,30.434,101161.0,1.485897230570449e-05,2.39953707351704,2.399244554063971,13.93759241652099,8.934983625828313,-73.44884085980564,-2.124256591667887,6.653740646990737,6.014379200644172,0.0661966878525451,0.0424367641390819,-0.3488457580209146,-0.0072241482378736,0.1915508258418861,0.0204536340264445,-0.3532846132175095,0.0355717083591513,-0.0424367641390819,-0.3488457580209146,0.0661966878525451,-0.0424367641390819,0.008099664366782,0.1714430928783923,0.1714430928783923,0.0172635314995845,1514.3,1273.0,-573.3,-1282.0,1645.1,-923.4,18.9,10.8,-9.6,-9.7,37.4,-6.2,rudder_m10_elevator_0,raw_rudder_m10_elevator_0.txt,-10.0,0.0,40.0,-5.0,0.0,2.39953707351704,2.4,0.04553364001693702,0.0060134682012961006,0.020138056521780502,0.0415851765604474,0.0721873187060853,-0.3483221725125102,-0.0424367641390819,-0.016867464746895322,-0.002227626933717766,-0.007459934200862679,0.03334408142543353,0.05807752077747337,-0.3726897148427657,-0.0462867641390819,,,,,,False,0.0059,0.00385,0.02365,-0.0015999999999999,0.00145,0.0026999999999999,True,0.06397752077747337,-0.0424367641390819,-0.3490397148427657,0.0064996643667821,0.1728930928783923,0.0199635314995844,0.1728930928783923,40.0,0.0,True,exact_AoS_exact_dR,0.0,-10.0,329.0,0.03769917476265525,0.06134922519473465,0.007219591,0.13889762354958202,0.008521261586156787,0.01185708442866133,0.0025440887014462473,-0.0003093215554926526,0.009454358145953594,40.369895036016345,2.4222231563945638,-0.36574132416070493,0.056994729146430806,-0.04542379822444047,0.16824672458161094,0.007948655014571378,0.0169416719026225,-0.002184756143709294,0.0849543927173969,-0.0001513415259752923,-0.00867123070345377,-5.003671230703453,0.0007366591385243612,-0.0001841647846310903,-0.36500466502218054,0.16806255979697984,True,-0.12456718912870962,-0.0021741075902504694,0.0004343777256542913,-5.128238419832163,0.0574291068720851,True,-0.19981059100782428,-0.003802823237248988,-0.217901771494367,0.03415828169945698,-5.2129017714943675,0.13390427809752287,True
14.0,12.0,58.0,17.0,2.496,0.0,103.96,101160.0,290.57,268.1,288.8,271.3,103.3,158.7,-204.0,0.0,1.2128315782593753,242.52716310066285,19.99838583806929,222189.75821228168,49.21,49.21,0.66,0.72,0.0,22.505,22.863,33.762,32.572,101160.0,1.4849138116813831e-05,1.999944180859678,1.999944180859678,2.5767467469310907,2.137724556013921,26.801435904178973,-0.5173985545754108,-0.9250226123674568,1.3495768238307124,0.0489228930172394,0.0405874849279441,0.5088601675776615,-0.0070339095593826,-0.1064541027068845,0.0183471740272914,0.5105079682031981,0.0267158007438398,-0.0405874849279441,0.5088601675776616,0.0489228930172394,-0.0405874849279441,0.0040359341099927,-0.11335566532207911,-0.11335566532207911,0.015171638134411398,280.3666666666667,294.03333333333336,276.4666666666667,105.03333333333332,137.79999999999998,-207.1,-12.266666666666666,-5.233333333333333,-5.166666666666667,-1.7333333333333336,20.9,3.1,rudder_m10_elevator_0,raw_rudder_m10_elevator_0.txt,-10.0,0.0,20.0,2.5,0.0,1.999944180859678,2.0,0.20812015586843777,0.0395663484212079,0.13250080223173227,0.06628214916504771,0.08845170343335544,0.5071370673266085,-0.0405874849279441,0.12104498239692771,0.023012225452989567,0.07706393072210428,0.04972802619682937,0.06386328595166967,0.49505327766898394,-0.039107127785086994,,,,,,False,0.00805,-0.0014803571428571,0.0128047157622739,-0.0004333333333333,-0.0068874999999999,0.00335,True,0.07191328595166967,-0.0405874849279441,0.5078579934312578,0.0036026007766594,-0.120243165322079,0.0185216381344114,-0.120243165322079,20.0,0.0,True,exact_AoS_flipped_dR,0.0,10.0,67.0,0.04373272517726485,0.06222869757779773,0.007219591,0.24507774773080412,0.015250869046588015,0.004879691727816802,0.0017872093146027745,-0.0018456099067305628,0.007161190407872212,20.1415980869058,2.01426616194393,0.4880383782624202,0.06295834390415306,-0.03855298022185148,-0.11174941681253953,0.003978744968802832,0.014956656191767146,0.022603226331776357,0.09027235048587415,0.00038525357046954964,0.02207340363025104,2.5180734036302512,-0.0019926180289261885,0.0004981545072315471,0.486045760233494,-0.11125126230530798,True,0.3170970694654274,0.0055343879105968835,0.0028147814129505216,2.835170473095679,0.06577312531710358,True,0.5086359682666501,0.009680431200713048,0.5546887078008577,-0.08695300183486246,3.0506887078008575,-0.024298260470445518,True
2.0,12.0,49.0,35.0,2.496,0.0,413.86,101166.0,290.54,-771.0,962.8,1381.8,789.4,-903.6,-719.9,0.0,1.213028753275484,969.8877999129204,39.98896818151591,444400.6220198101,123.03,123.03,17.58,17.93,0.0,21.089,22.581,34.074,33.579,101166.0,1.4845535922040316e-05,1.5995781781312823,1.5995781781312823,-6.990728382745571,6.523632102842962,110.93256468921332,-2.7001902292649187,-4.624381133196843,4.712499290059566,-0.0331895766717983,0.0309719640074008,0.5266697058691712,-0.0091791997468383,-0.1330768662458155,0.0160199721565789,0.5247246414124537,-0.0560943649090021,-0.0309719640074008,0.5266697058691712,-0.0331895766717983,-0.0309719640074008,-0.0007135638442168002,-0.11683478554393521,-0.11683478554393521,0.0126351909171814,-758.7333333333333,968.0333333333332,1386.9666666666667,791.1333333333333,-924.5,-723.0,-12.266666666666666,-5.233333333333333,-5.166666666666667,-1.7333333333333336,20.9,3.1,rudder_m10_elevator_0,raw_rudder_m10_elevator_0.txt,-10.0,0.0,40.0,2.5,0.0,1.5995781781312823,1.6,0.3272497892692787,0.09725591222074038,0.32569309287383647,0.04116154731173829,0.06397406539832587,0.5224342458519879,-0.0309719640074008,0.31517579517719485,0.09366762172192757,0.31367653363334924,0.03757325681292547,0.05233917923861408,0.5097857988510749,-0.0294916068645437,,,,,,False,0.00805,-0.0014803571428571,0.0128047157622739,-0.0004333333333333,-0.0068874999999999,0.00335,True,0.06038917923861408,-0.0309719640074008,0.5225905146133488,-0.0011468971775501,-0.1237222855439351,0.0159851909171814,-0.1237222855439351,40.0,0.0,True,exact_AoS_exact_dR,0.0,-10.0,329.0,0.03769917476265525,0.06134922519473465,0.007219591,0.2598815607102286,0.01594353239197092,0.0,0.0009889203814551597,-0.003970554557771263,0.0042379568236838965,40.15843970209284,1.6063571213863097,0.5054922117343282,0.0518983611024744,-0.029243218652139313,-0.11585076376237546,-0.0007075539700001971,0.012528773098046559,0.09214860700148741,0.0849543927173969,0.0003798401876512003,0.021763239641870987,2.5177632396418708,-0.001848882807338328,0.000462220701834582,0.5036433289269899,-0.11538854306054089,True,0.31264138635390964,0.0054566215698753934,0.0027362334857662174,2.8304046259957802,0.05463459458824062,True,0.5014888801603589,0.009544406815858462,0.5468945105486899,-0.08573118347361262,3.04289451054869,-0.029657359586928264,True
6.0,12.0,51.0,49.0,2.5,0.0,413.69,101165.0,290.56,1463.3,1116.6,1019.6,387.3,894.7,-788.7,0.0,1.2129332677003728,969.4863594824362,39.98226519445301,444267.4437195616,82.02,82.02,0.56,1.3,0.0,24.587,25.399,31.31,30.092,101165.0,1.4847497008520386e-05,2.398965083082591,2.398965083082591,13.564576907358653,8.13735951383032,108.25829926690729,-1.7090309731480768,-2.950725960654127,5.158883014585127,0.064426617431768,0.0386493844874657,0.5141860360494673,-0.0058121951293063,-0.084948871870768,0.0175446994239085,0.51650689445984,0.0419368176834542,-0.0386493844874657,0.5141860360494674,0.064426617431768,-0.0386493844874657,0.0047444566820065,-0.0962202052320491,-0.0962202052320491,0.014399641709142501,1475.5666666666666,1121.8333333333333,1024.7666666666669,389.03333333333336,873.8000000000001,-791.8000000000001,-12.266666666666666,-5.233333333333333,-5.166666666666667,-1.7333333333333336,20.9,3.1,rudder_m10_elevator_0,raw_rudder_m10_elevator_0.txt,-10.0,0.0,40.0,2.5,0.0,2.398965083082591,2.4,0.04578788165079259,0.006049928966354256,0.020260157266806515,0.047986746649808454,0.07047078820630079,0.5139221418543513,-0.0386493844874657,-0.01652675255564294,-0.0021836712117129075,-0.007312734151812993,0.03975314647174129,0.05419502459118672,0.5014765706876557,-0.0371690273446086,,,,,,False,0.00805,-0.0014803571428571,0.0128047157622739,-0.0004333333333333,-0.0068874999999999,0.00335,True,0.06224502459118672,-0.0386493844874657,0.5142812864499297,0.0043111233486732,-0.103107705232049,0.0177496417091425,-0.103107705232049,40.0,0.0,True,exact_AoS_exact_dR,0.0,-10.0,329.0,0.03769917476265525,0.06134922519473465,0.007219591,0.25147875094865135,0.015428026523639402,0.0010678233048920637,0.0011289754670968,-0.0003111605092197875,0.008037405957877013,40.30361889093632,2.4182465393340977,0.49351158400032813,0.05333424130714162,-0.03657866913988777,-0.09469193312818136,0.004669100151871971,0.014170931214535876,-0.0021476617293853598,0.0849543927173969,0.0003798401876512003,0.021763239641870987,2.5217632396418708,-0.001848882807338328,0.000462220701834582,0.4916627011929898,-0.09422971242634678,True,0.31264138635390964,0.0054566215698753934,0.0027362334857662174,2.8344046259957802,0.05607047479290784,True,0.5014888801603589,0.009544406815858462,0.5468945105486899,-0.08573118347361262,3.04689451054869,-0.00849852895273416,True
9.0,12.0,53.0,59.0,2.496,0.0,413.54,101159.0,290.77,1865.9,1091.5,919.7,346.8,1221.5,-810.7,0.0,1.211985376693565,969.1321495590578,39.99058970785869,443764.0522338207,70.31,70.3,-1.01,-1.26,0.0,23.067,22.935,28.808,27.539,101159.0,1.4867434357483653e-05,2.7990909288574315,2.7994890925741966,17.268846134261,7.467939246343539,107.68374833889236,-1.4638838402521142,-2.612897888347991,5.299999175943435,0.0820504751084512,0.0354828549909804,0.5116440695557287,-0.0049803007687443,-0.075250584589141,0.0180312052394468,0.514731923286115,0.0596907155866557,-0.0354828549909804,0.5116440695557287,0.0820504751084512,-0.0354828549909804,0.0046639647942947,-0.0914892545496585,-0.0914892545496585,0.014882745774634198,1878.1666666666667,1096.7333333333331,924.8666666666668,348.53333333333336,1200.6,-813.8000000000001,-12.266666666666666,-5.233333333333333,-5.166666666666667,-1.7333333333333336,20.9,3.1,rudder_m10_elevator_0,raw_rudder_m10_elevator_0.txt,-10.0,0.0,40.0,2.5,0.0,2.7990909288574315,2.8,-0.1411306679761846,-0.013697299786848601,-0.04586986877953013,0.0459934157998071,0.06836617043815135,0.5122405820377555,-0.0354828549909804,-0.20045875247197653,-0.019455329354564368,-0.06515250585471266,0.04023538623209133,0.05456360371833177,0.49968662639334943,-0.0340024978481233,,,,,,False,0.00805,-0.0014803571428571,0.0128047157622739,-0.0004333333333333,-0.0068874999999999,0.00335,True,0.06261360371833177,-0.0354828549909804,0.5124913421556233,0.0042306314609614,-0.0983767545496584,0.0182327457746342,-0.0983767545496584,40.0,0.0,True,exact_AoS_exact_dR,0.0,-10.0,329.0,0.03769917476265525,0.06134922519473465,0.007219591,0.2496867245963668,0.015318087095398197,0.0015463418602783205,0.0011917376834192004,0.0007540311439920666,0.009165359827411268,40.357117852241586,2.8247456044100527,0.49065141624037706,0.053576998113421,-0.03338767308084617,-0.08983496844726392,0.004579632134910406,0.01461363964166111,-0.01913212260499227,0.0849543927173969,0.0003798401876512003,0.021763239641870987,2.5177632396418708,-0.001848882807338328,0.000462220701834582,0.48880253343303876,-0.08937274774542935,True,0.31264138635390964,0.0054566215698753934,0.0027362334857662174,2.8304046259957802,0.05631323159918722,True,0.5014888801603589,0.009544406815858462,0.5468945105486899,-0.08573118347361262,3.04289451054869,-0.003641564271816722,True
10.0,12.0,54.0,31.0,2.496,0.0,413.52,101160.0,290.76,666.6,1017.6,1128.5,547.2,255.6,-757.8,0.0,1.2120390414597149,969.0849217266068,39.98872997496133,443774.89473037096,98.43,98.43,7.41,6.7,0.0,22.707,22.598,30.171,28.596,101160.0,1.4866379727834744e-05,1.9993389310082328,1.9993389310082328,6.235263793043559,6.93631427386736,109.03741205687894,-2.125878060142752,-3.5196654680835637,4.957148835961805,0.0296274160721898,0.0329585204123379,0.518101059019845,-0.0072328335232335,-0.1013701273480528,0.0168656109457166,0.5188997813973568,0.0070361926050199,-0.0329585204123379,0.518101059019845,0.0296274160721898,-0.0329585204123379,0.0017535141334841,-0.1028332025113387,-0.1028332025113387,0.013589175144262498,678.8666666666667,1022.8333333333334,1133.6666666666667,548.9333333333334,234.7,-760.9,-12.266666666666666,-5.233333333333333,-5.166666666666667,-1.7333333333333336,20.9,3.1,rudder_m10_elevator_0,raw_rudder_m10_elevator_0.txt,-10.0,0.0,40.0,2.5,0.0,1.9993389310082328,2.0,0.20833865265074977,0.03963187172547588,0.13272022835334346,0.04666806433049578,0.0692216876282794,0.5163751052524442,-0.0329585204123379,0.15685517801734405,0.029838266762150397,0.0999231529051137,0.0368744593671703,0.051387374207076224,0.5039968974658716,-0.031478163269480795,,,,,,False,0.00805,-0.0014803571428571,0.0128047157622739,-0.0004333333333333,-0.0068874999999999,0.00335,True,0.059437374207076225,-0.0329585204123379,0.5168016132281456,0.0013201808001508,-0.1097207025113386,0.0169391751442625,-0.1097207025113386,40.0,0.0,True,exact_AoS_exact_dR,0.0,-10.0,329.0,0.03769917476265525,0.06134922519473465,0.007219591,0.2540128726552243,0.015583492926886813,0.0,0.0009889203814551597,-0.001848345718797009,0.00636016566265815,40.24306492224139,2.012055057825247,0.49764653796795155,0.05073989343584553,-0.031081538500359152,-0.10153750444741633,0.0017314198603084166,0.013417951575466401,0.02935437739236707,0.0849543927173969,0.0003798401876512003,0.021763239641870987,2.5177632396418708,-0.001848882807338328,0.000462220701834582,0.49579765516061325,-0.10107528374558175,True,0.31264138635390964,0.0054566215698753934,0.0027362334857662174,2.8304046259957802,0.053476126921611744,True,0.5014888801603589,0.009544406815858462,0.5468945105486899,-0.08573118347361262,3.04289451054869,-0.015344100271969127,True
3.0,12.0,50.0,6.0,5.0,0.0,413.63,101164.0,290.54,-491.3,1047.4,1891.8,1217.9,-920.9,-726.5,0.0,1.2130047723183783,969.3446752632036,39.97816513643388,444271.7837110666,123.03,123.04,18.03,17.84,0.0,22.172,23.819,34.14,33.543,101164.0,1.484582941648344e-05,1.5991460510733362,1.5990160814658043,-4.364830890246677,7.858146113947765,168.10040129620748,-2.60576746799696,-8.232339981058223,4.798590615121405,-0.0207343284701183,0.0373286816350332,0.7985301204274832,-0.0088631762239995,-0.2370366549851055,0.0163217765096072,0.7936843564382348,-0.0902519138426588,-0.0373286816350332,0.7985301204274833,-0.0207343284701183,-0.0373286816350332,0.0008291776632762,-0.22654262295989952,-0.22654262295989952,0.0131041734917628,-472.7,1061.8000000000002,1906.8,1228.9,-990.0,-735.9,-18.6,-14.4,-15.0,-11.0,69.1,9.4,rudder_m10_elevator_0,raw_rudder_m10_elevator_0.txt,-10.0,0.0,40.0,5.0,0.0,1.5991460510733362,1.6,0.327346776933521,0.09733732052066292,0.3259657150762501,0.007085406678004114,0.07623259415902296,0.7900466139604381,-0.0373286816350332,0.3153303220567904,0.09376419989667112,0.3139999571015796,0.003512286054012312,0.06487307033776006,0.7835080319423491,-0.0355786816350332,,,,,,False,0.0078,-0.00175,0.0068499999999999,-0.0006,-0.00465,0.0033,True,0.07267307033776006,-0.0373286816350332,0.790358031942349,0.0002291776632762,-0.2311926229598995,0.0164041734917628,-0.2311926229598995,40.0,0.0,True,exact_AoS_exact_dR,0.0,-10.0,329.0,0.03769917476265525,0.06134922519473465,0.007219591,0.6138848361181731,0.03766135905464658,0.0,0.0009889203814551597,-0.003973222247451507,0.004235289134003652,40.14748422483362,1.6059188969671319,0.7769131919270826,0.06432702932383956,-0.035279213469077746,-0.2246357984039908,0.0008221984188899198,0.012993874778555951,0.09224361896085781,0.0849543927173969,0.0005495194138115596,0.031485143171905365,5.031485143171905,-0.0026748012177895157,0.0006687003044473789,0.7742383907092931,-0.22396709809954343,True,0.45230209163701396,0.007894160712723003,0.005726871124076804,5.483787234808919,0.07005390044791636,True,0.7255100550650359,0.01380800928691049,0.7911989321399711,-0.12402834460226188,5.791198932139971,-0.09993875349728155,True
7.0,12.0,52.0,23.0,5.0,0.0,414.28,101164.0,290.61,1713.7,1084.2,1474.8,845.3,887.8,-748.0,0.0,1.2127125926478155,970.879605384417,40.01462427267264,444486.8103838272,82.03,82.03,0.92,1.24,0.0,24.354,24.736,31.294,30.089,101164.0,1.4852180033961034e-05,2.4006139649715625,2.4006139649715625,15.921340567297715,8.188957535811644,164.133727791848,-1.6021323411107302,-6.145487512571767,4.93542251791976,0.0755118369157709,0.0388386407124846,0.7784545046949632,-0.005440827596385,-0.176669428196451,0.0167606522546704,0.7820735405153924,0.0073777110267096,-0.0388386407124846,0.7784545046949634,0.0755118369157709,-0.0388386407124846,0.0046242196426752,-0.1933026635736599,-0.1933026635736599,0.0138767488216762,1732.3,1098.6,1489.8,856.3,818.6999999999999,-757.4,-18.6,-14.4,-15.0,-11.0,69.1,9.4,rudder_m10_elevator_0,raw_rudder_m10_elevator_0.txt,-10.0,0.0,40.0,5.0,0.0,2.4006139649715625,2.4,0.045054844546375844,0.005944898127144525,0.01990842729905185,0.013322609153854125,0.08143411291072779,0.7779363726831329,-0.0388386407124846,-0.017417770823645987,-0.002298240604114009,-0.0076964070711014266,0.005079470422595591,0.06542234181101332,0.7718048095618278,-0.0370886407124846,,,,,,False,0.0078,-0.00175,0.0068499999999999,-0.0006,-0.00465,0.0033,True,0.07322234181101332,-0.0388386407124846,0.7786548095618278,0.0040242196426752,-0.1979526635736599,0.0171767488216762,-0.1979526635736599,40.0,0.0,True,exact_AoS_exact_dR,0.0,-10.0,329.0,0.03769917476265525,0.06134922519473465,0.007219591,0.5956826640627694,0.03654466990218631,0.0,0.0009889203814551597,-0.000305861962178165,0.007902649419276995,40.33084581994367,2.4195851755277538,0.7597492971158325,0.06440045150121258,-0.03650931992544746,-0.19028329567430813,0.004551989803259019,0.013659995419705768,-0.0022609698669629535,0.0849543927173969,0.0005495194138115596,0.031485143171905365,5.031485143171905,-0.0026748012177895157,0.0006687003044473789,0.757074495898043,-0.18961459536986075,True,0.45230209163701396,0.007894160712723003,0.005726871124076804,5.483787234808919,0.07012732262528938,True,0.7255100550650359,0.01380800928691049,0.7911989321399711,-0.12402834460226188,5.791198932139971,-0.06558625076759887,True
4.0,12.0,50.0,33.0,7.0,0.0,414.06,101163.0,290.53,-141.4,1127.5,2249.5,1517.9,-865.5,-747.6,0.0,1.213034532873517,970.3600861966114,39.998608010003394,444521.7309905815,123.03,123.02,17.53,17.67,0.0,23.143,24.81,33.986,33.596,101163.0,1.4845069010817224e-05,1.5999637759596514,1.600093833167907,-1.046251206337523,8.943031340698054,209.65657465396708,-2.436251313562471,-11.60317390775628,4.965696098499293,-0.0049648236664727,0.04243777534626,0.9948929256840732,-0.0082779179511931,-0.333744654313394,0.0168724895683398,0.9868720848825472,-0.1261747642352794,-0.04243777534626,0.994892925684073,-0.0049648236664727,-0.04243777534626,0.0009996010509159999,-0.3302953040258658,-0.3302953040258658,0.0135956053327109,-111.55,1149.55,2273.85,1535.2,-980.85,-761.35,-29.85,-22.05,-24.35,-17.3,115.35,13.75,rudder_m10_elevator_0,raw_rudder_m10_elevator_0.txt,-10.0,0.0,40.0,7.0,0.0,1.5999637759596514,1.6,0.3271631795023171,0.0971833124263933,0.32544996882077903,-0.0289914518088861,0.09149409908610025,0.9830492592087312,-0.04243777534626,0.31503778390036513,0.09358148256622785,0.31338806861979096,-0.03259328166905155,0.08191911671952623,0.9765382118488466,-0.037987775346259994,,,,,,False,0.006,-0.00445,0.00695,0.0006,-0.0020499999999999,0.0036,True,0.08791911671952624,-0.04243777534626,0.9834882118488466,0.001599601050916,-0.3323453040258657,0.0171956053327109,-0.3323453040258657,40.0,0.0,True,exact_AoS_exact_dR,0.0,-10.0,329.0,0.03769917476265525,0.06134922519473465,0.007219591,0.9536268792009428,0.05850427016385066,0.0,0.0009889203814551597,-0.003968174864483798,0.0042403365169713615,40.16821556817624,1.6067481607846847,0.9683088901226157,0.08122878145272974,-0.03766765103243894,-0.32751189392627944,0.0009911773778368972,0.013481034690222764,0.09206386477082015,0.0849543927173969,0.0006296466954220215,0.03607609823204105,7.036076098232041,-0.0030648230169162028,0.0007662057542290507,0.9652440671056994,-0.3267456881720504,True,0.5182537871707916,0.009045234947060263,0.007518742068985412,7.554329885402832,0.08874752352171515,True,0.8312991264468756,0.015821401754590538,0.9065663205380378,-0.1421133364075428,7.906566320538038,-0.1846323517645076,True
5.0,12.0,51.0,18.0,7.0,0.0,413.96,101166.0,290.53,2015.5,1043.1,1781.3,1170.6,937.9,-713.9,0.0,1.2130705055473072,970.1239425920228,39.99314775350808,444474.2293538968,82.02,82.03,1.08,1.11,0.0,24.435,25.753,31.534,30.336,101166.0,1.4844628791701782e-05,2.3996180445659068,2.3993255152419315,18.797838346099773,8.021141840044894,203.97392290823905,-1.5138079582111554,-9.123164580056397,4.741668226266762,0.0892239546702947,0.0380723561275151,0.9681623874195604,-0.0051448831613968,-0.2624754733317163,0.0161152072704637,0.9718195165688388,-0.029430421622161,-0.0380723561275151,0.9681623874195604,0.0892239546702947,-0.0380723561275151,0.0029803370686450003,-0.28557350979984664,-0.28557350979984664,0.0130758397791561,2045.35,1065.15,1805.65,1187.9,822.55,-727.65,-29.85,-22.05,-24.35,-17.3,115.35,13.75,rudder_m10_elevator_0,raw_rudder_m10_elevator_0.txt,-10.0,0.0,40.0,7.0,0.0,2.3996180445659068,2.4,0.04549764558680011,0.006008309042140326,0.02012077939729825,-0.023422112580020676,0.0951874786879429,0.9674301587416194,-0.0380723561275151,-0.016915736543477125,-0.0022338512579675933,-0.007480778377526971,-0.031664272880128595,0.0810067542008599,0.9614846254056335,-0.033622356127515095,,,,,,False,0.006,-0.00445,0.00695,0.0006,-0.0020499999999999,0.0036,True,0.0870067542008599,-0.0380723561275151,0.9684346254056335,0.003580337068645,-0.2876235097998465,0.0166758397791561,-0.2876235097998465,40.0,0.0,True,exact_AoS_exact_dR,0.0,-10.0,329.0,0.03769917476265525,0.06134922519473465,0.007219591,0.9244526848914114,0.05671445594728027,0.0,0.0009889203814551597,-0.0003090613109942745,0.007899450070460884,40.30907162734748,2.418573707497132,0.9464723422686113,0.07974194320134816,-0.03309738847168066,-0.28111466535005647,0.0029338031327545686,0.012871678210856228,-0.002197624727585514,0.0849543927173969,0.0006296466954220215,0.03607609823204105,7.036076098232041,-0.0030648230169162028,0.0007662057542290507,0.9434075192516951,-0.28034845959582744,True,0.5182537871707916,0.009045234947060263,0.007518742068985412,7.554329885402832,0.08726068527033357,True,0.8312991264468756,0.015821401754590538,0.9065663205380378,-0.1421133364075428,7.906566320538038,-0.13823512318828463,True
16.0,12.0,59.0,28.0,2.496,4.0,104.27,101161.0,290.38,251.5,-323.8,109.2,268.3,155.2,140.9,0.0,1.2136371492818565,243.25031736688445,20.02153057898999,222707.5819986702,49.21,49.21,0.53,0.55,0.0,22.222,22.274,33.817,32.539,101161.0,1.4831757361445155e-05,2.0022587771624334,2.0022587771624334,2.475133974909163,-3.503507577049044,26.876405087964507,-1.2189768256855698,-0.8734758533057256,-0.9127058359163172,0.0468539356873264,-0.0663209023669683,0.5087665428471353,-0.0165224326108418,-0.1002231224954376,-0.0123711299096832,0.5103243299497895,0.0246528836308535,0.0663209023669683,0.5087665428471353,0.0513661141395108,0.0628909826474973,-0.0285096743174806,-0.1094415433458905,-0.1094415433458905,-0.0067430012254304,269.2,-327.3,116.0,268.2,133.39999999999998,139.3,-17.7,3.5,-6.8,0.1,21.8,1.6,rudder_m10_elevator_0,raw_rudder_m10_elevator_0.txt,-10.0,0.0,20.0,2.5,4.0,2.0022587771624334,2.0,0.2072836633398236,0.039316263832649384,0.1316633125484024,0.06396914746350288,0.0905493956512941,0.5070543336900173,0.06015102068989324,0.12034453380393652,0.022826195589258188,0.07644094914389388,0.047479079220111686,0.06666510299114704,0.49876775447215194,0.055180575525021154,,,,,,False,0.00745,0.0061196428571428,0.0090047157622739,-0.0061333333333333,-0.0039875,-0.00715,True,0.07411510299114704,0.06130021838216396,0.5077724702344258,-0.0346430076508139,-0.1134290433458905,-0.0138930012254304,-0.1134290433458905,20.0,0.0,True,exact_AoS_flipped_dR,4.0,10.0,84.0,0.049698849396538625,0.06067723443210956,0.007219591,0.24876927290119283,0.015094631491331117,0.0018716221032773015,0.0015491753252520942,-0.0018351598368398538,0.00693360648841224,20.16035199332042,2.0161416516112474,0.4919225111173864,0.06575017044157223,0.05442326019230776,-0.10793953366181104,-0.028118398704896547,-0.006650458185276567,0.022431084950110116,0.08926246270895928,0.0003858107175388829,0.022105325805891918,2.518105325805892,-0.0019731758204178224,0.0004932939551044556,0.48994933529696855,-0.10744623970670658,True,0.3175556497784703,0.005542391646944308,0.0028229286765782883,2.835660975584362,0.06857309911815052,True,0.5093715488317617,0.009694430873361859,0.5554908890436345,-0.08707875176648015,3.0514908890436345,-0.020367487940226428,True
11.0,12.0,55.0,43.0,2.496,3.995,413.52,101162.0,290.77,672.2,-1333.6,511.3,1154.4,265.1,596.1,0.0,1.212021319675703,969.0849217266068,39.98902232503535,443759.81931502215,98.43,98.44,7.72,6.66,0.0,22.373,22.495,30.201,28.654,101162.0,1.4866993457708316e-05,1.9993535477986348,1.9991504440249863,6.340779573675689,-14.00086109713548,108.68821264708312,-4.408266726533726,-3.5150867360559093,-3.8941736768773074,0.0301287837831209,-0.0665263493032253,0.5164418066530524,-0.0149981600341117,-0.1012382549718441,-0.0132490712630621,0.517263937606016,0.0076093444946642,0.0665263493032253,0.5164418066530524,0.0346904270152093,0.0642656443005688,-0.027006464733616,-0.1057426421126703,-0.1057426421126703,-0.007556249899788,689.9000000000001,-1337.1,518.1,1154.3000000000002,243.3,594.5,-17.7,3.5,-6.8,0.1,21.8,1.6,rudder_m10_elevator_0,raw_rudder_m10_elevator_0.txt,-10.0,0.0,40.0,2.5,4.0,1.9993535477986348,2.0,0.20833337712414576,0.03963028871065675,0.13271492711272231,0.04723963320532095,0.07418691212149739,0.514715921825378,0.061507244565148514,0.1568496480675196,0.02983677854641888,0.0999181691301082,0.03744612304108308,0.05697646775117696,0.5061377099103391,0.056069262546842996,,,,,,False,0.00745,0.0061196428571428,0.0090047157622739,-0.0061333333333333,-0.0039875,-0.00715,True,0.06442646775117696,0.0621889054039858,0.515142425672613,-0.0331397980669493,-0.1097301421126703,-0.014706249899788,-0.1097301421126703,40.0,0.0,True,exact_AoS_exact_dR,4.0,-10.0,347.0,0.0412956424338357,0.05945782119361942,0.007219591,0.2561753813932826,0.015231630021089057,0.0004491952962522028,0.0011421786990771748,-0.001848279633285332,0.006513490065791843,40.2494904246902,2.012376317270227,0.4996081285945032,0.056241425741886016,0.0553459242103586,-0.10437847744620368,-0.026658059736164537,-0.007458768231859754,0.029343991441265458,0.08379140479445407,0.00038266663869872226,0.021925183357894326,2.517925183357894,-0.0018371419139339513,0.00045928547848348783,0.49777098668056924,-0.10391919196772019,True,0.3149678004688115,0.005497225155945301,0.0027771064875283815,2.8328929838267056,0.059018532229414396,True,0.5052205384122537,0.009615428259928071,0.5509640392938784,-0.08636912279970838,3.0469640392938784,-0.017550069168011814,True
15.0,12.0,59.0,1.0,2.496,8.0,103.89,101163.0,290.42,170.3,-953.6,-43.8,475.5,76.0,466.9,0.0,1.2134939840084806,242.363871432735,19.986195193269104,222264.5655347002,49.21,49.21,0.94,0.89,0.0,22.399,22.546,33.945,32.565,101163.0,1.4835091647499656e-05,1.9987250520096569,1.9987250520096569,1.684274144551488,-9.579769714061449,28.199184847037422,-1.8496369835160125,-1.114657255373969,-3.016480855092828,0.031999683419864,-0.182006948854992,0.5357589741091229,-0.0251623138482347,-0.1283641966584538,-0.0410359647160353,0.5366442551834179,0.0086372134433541,0.182006948854992,0.5357589741091229,0.0570187361689597,0.1757821745688958,-0.0547685360276957,-0.1585959024153051,-0.1585959024153051,-0.023776903823690604,183.1,-956.9,-34.8,473.5,50.4,461.1,-12.8,3.3,-9.0,2.0,25.6,5.8,rudder_m10_elevator_0,raw_rudder_m10_elevator_0.txt,-10.0,0.0,20.0,2.5,8.0,1.9987250520096569,2.0,0.2085601628632445,0.03969838351754042,0.13294296474823647,0.04833559696089452,0.09629348101191151,0.5340301237770863,0.17026246914594392,0.12141077242693828,0.02310993308020107,0.07739113652972297,0.03174714652355517,0.0770320531264765,0.5255478290684025,0.11424930206247824,,,,,,False,0.00285,0.0583196428571428,0.0092047157622739,-0.0198333333333333,0.0212125,-0.02055,True,0.0798820531264765,0.17256894491962105,0.5347525448306764,-0.074601869361029,-0.1373834024153051,-0.0443269038236906,-0.1373834024153051,20.0,0.0,True,exact_AoS_flipped_dR,8.0,10.0,108.0,0.06289204795950465,0.0605110845783555,0.007219591,0.2762005206385108,0.01671319306494275,0.0,0.0016497769102420787,-0.0018511218901074273,0.0070182460201346514,20.1264632281419,2.0127525961512673,0.5182479195664615,0.07596207055691899,0.11266236835333443,-0.15639299019499853,-0.05400779583538119,-0.023446640360407032,0.02270538216969977,0.08863090150478634,0.0003971380050436235,0.02275433157324483,2.518754331573245,-0.0020167369204755125,0.0005041842301188781,0.516231182645986,-0.15588880596487964,True,0.32687898886749633,0.005705114611327702,0.0029911227053526735,2.845633320440741,0.07895319326227167,True,0.5243265454610891,0.009979056470073895,0.5717999357352341,-0.08963535792585531,3.067799935735234,-0.06625344803902433,True
12.0,12.0,56.0,44.0,2.496,8.0,413.7,101158.0,290.82,371.0,-3870.9,-104.7,1968.5,-14.2,1896.0,0.0,1.2117650239582876,969.5099735513668,40.002020851990096,443751.0461959339,98.41,98.43,6.55,6.35,0.0,22.319,22.624,30.385,28.659,101158.0,1.48721200307355e-05,2.0004099058889744,2.000003442431514,3.529735491688512,-38.499242528611845,113.97959030959562,-7.09915120807301,-4.222219297459297,-12.37521527562076,0.01676450218679,-0.1828524083689695,0.5413468220193964,-0.02414271462843,-0.1215511148123358,-0.0420854947454765,0.5415633150370034,-0.0068268623980856,0.1828524083689695,0.5413468220193964,0.0420494878946521,0.178739733544897,-0.053942266676880804,-0.1474887395159128,-0.1474887395159128,-0.024791412620576,383.8,-3874.2,-95.7,1966.5,-39.8,1890.2,-12.8,3.3,-9.0,2.0,25.6,5.8,rudder_m10_elevator_0,raw_rudder_m10_elevator_0.txt,-10.0,0.0,40.0,2.5,8.0,2.0004099058889744,2.0,0.2079519601697852,0.03951596600041271,0.13233208028896734,0.03268910360232711,0.0811437618769477,0.5396259159046582,0.17324539164734118,0.15642965749994356,0.02972546650763489,0.09954540452014426,0.022898604109549293,0.06860774105209468,0.5308475728759596,0.11628703024186798,,,,,,False,0.00285,0.0583196428571428,0.0092047157622739,-0.0198333333333333,0.0212125,-0.02055,True,0.07145774105209468,0.1746066730990108,0.5400522886382335,-0.0737756000102141,-0.1262762395159128,-0.045341412620576,-0.1262762395159128,40.0,0.0,True,exact_AoS_exact_dR,8.0,-10.0,372.0,0.053095900892464104,0.05384965327530762,0.007219591,0.2817991456282973,0.015174786285361728,0.00033705387426884344,0.0014370133069201894,-0.001843505668251902,0.006813098638668287,40.274558565800774,2.014038895895565,0.5236873964152383,0.06768234634821937,0.11471852790867644,-0.14549938239182916,-0.05321468277552612,-0.024457021171610374,0.029217429593302632,0.08577161475725736,0.00039371647014572423,0.022558292064138473,2.5185582920641383,-0.001934861136506981,0.00048371528412674526,0.5217525352787313,-0.14501566710770242,True,0.3240627691816536,0.0056559623053502655,0.002939804804868758,2.842621061245792,0.07062215115308813,True,0.5198092201222739,0.009893082099636307,0.5668736043091603,-0.08886310621150398,3.0628736043091602,-0.05615256089619844,True
17.0,13.0,0.0,17.0,2.496,9.995,103.97,101163.0,290.31,312.0,-599.3,-14.8,428.2,136.3,244.5,0.0,1.2139537833203915,242.55049051881485,19.990101533520384,222457.5841877914,49.21,49.21,0.64,0.94,0.0,21.864,21.785,34.037,32.643,101163.0,1.4825116789482283e-05,1.9991157066613503,1.9991157066613503,2.897264657653516,-6.760642079788343,28.62581442528408,-0.1279650639005697,-1.6349854652786002,-1.579016739304423,0.0550030525480862,-0.1283472500833133,0.5434460986870463,-0.0017394871153176,-0.1881404507115604,-0.0214642902458533,0.5453258751688899,0.0312839869432064,0.1283472500833133,0.5434460986870463,0.0764445016296992,0.1168528586049268,-0.018010474191698104,-0.22065572433831898,-0.22065572433831898,-0.0029450909195691995,315.0,-610.0,-4.600000000000001,427.0,108.6,240.8,-3.0,10.7,-10.2,1.2,27.7,3.7,rudder_m10_elevator_0,raw_rudder_m10_elevator_0.txt,-10.0,0.0,20.0,2.5,10.0,1.9991157066613503,2.0,0.20841921209431621,0.03965605102623776,0.1328012006157884,0.07094003796944416,0.11546163682031071,0.541719091919789,0.10997659565627765,0.12129355956895019,0.023078599804146713,0.07728620685136212,0.054362586747353114,0.09290127210396143,0.5334363181992349,0.050931442584970635,,,,,,False,0.00625,0.0619196428571428,0.0090047157622739,-0.0189333333333333,0.0170125,-0.0201499999999999,True,0.09915127210396144,0.11285108544211343,0.5424410339615088,-0.0369438075250314,-0.203643224338319,-0.0230950909195691,-0.203643224338319,20.0,0.0,True,exact_AoS_flipped_dR,10.0,10.0,125.0,0.08253790761420027,0.05688423438706542,0.007219591,0.28455430557395534,0.016186653814117512,0.0,0.002165124822923225,-0.0018493550579993616,0.007535360764923863,20.140734160302916,2.0141797647218693,0.5254870117517605,0.09151685065360424,0.05017245855799882,-0.21736749683615705,-0.017742080807652844,-0.002901202962494283,0.022651449983318393,0.08811865610345389,0.0004005238450278116,0.022948325914445445,2.5189483259144456,-0.002022175639404997,0.0005055439098512493,0.5234648361123555,-0.2168619529263058,True,0.32966582854650656,0.005753754139451651,0.0030423423523043024,2.848614154460952,0.09455919300590854,True,0.5287967441321993,0.010064133919151416,0.5766748735673761,-0.0903995531804219,3.072674873567376,-0.1264623997458839,True
13.0,12.0,57.0,10.0,2.496,10.0,413.36,101159.0,290.83,187.5,-4911.8,-404.0,2351.7,-173.6,2382.8,0.0,1.211735336730007,968.7071003996972,39.98594394612135,443550.0120281531,98.44,98.43,7.75,7.42,0.0,22.321,22.69,30.477,28.669,101159.0,1.4872880806731036e-05,1.9989965482252148,1.999199636363813,1.7538493366361534,-49.19371136392037,115.31625675164946,-7.308366752168292,-4.444354183717343,-15.582024057900789,0.0083368229974088,-0.2338395069973475,0.5481492629840952,-0.0248748119232505,-0.1280520748943163,-0.0530350940186262,0.5479922798842379,-0.0155427898065926,0.2338395069973475,0.5481492629840953,0.0488159721799614,0.2288392853305085,-0.06945404923447669,-0.14741433320240638,-0.14741433320240638,-0.0367883522016489,190.5,-4922.5,-393.8,2350.5,-201.3,2379.1000000000004,-3.0,10.7,-10.2,1.2,27.7,3.7,rudder_m10_elevator_0,raw_rudder_m10_elevator_0.txt,-10.0,0.0,40.0,2.5,10.0,1.9989965482252148,2.0,0.20846220964107728,0.03966896103709935,0.13284443399122578,0.024126171230506747,0.08784520897154208,0.5464216939905056,0.22195737784769334,0.15699087655950023,0.029874311397454032,0.10004386010414652,0.014331521590861433,0.07195851342716492,0.5378435316992112,0.1617369444198973,,,,,,False,0.00625,0.0619196428571428,0.0090047157622739,-0.0189333333333333,0.0170125,-0.0201499999999999,True,0.07820851342716492,0.2236565872770401,0.5468482474614851,-0.08838738256781,-0.1304018332024064,-0.0569383522016488,-0.1304018332024064,40.0,0.0,True,exact_AoS_exact_dR,10.0,-10.0,390.0,0.05658549432100171,0.05163809646033119,0.007219591,0.2892756645906804,0.014937644671759965,0.0004353744344032396,0.001541447584816847,-0.0018498939228887038,0.006911144661928143,40.262292589176745,2.012811902548694,0.5304856672490784,0.07097409889649758,0.15952433342156372,-0.14539765991773704,-0.06850389654199081,-0.03628507626191918,0.029357651001188895,0.08630268656025995,0.00039824623722809773,0.022817828600135766,2.518817828600136,-0.001969239909663252,0.000492309977415813,0.5285164273394152,-0.14490534994032123,True,0.32779115998003333,0.005721035000583052,0.003007839733395452,2.846608988580169,0.07398193862989304,True,0.52578970321853,0.01000690349405642,0.5733955702094329,-0.08988548958603071,3.0693955702094327,-0.05501986035429052,True
7.0,17.0,28.0,49.0,2.496,0.0,413.42,101102.0,290.77,633.9,505.2,985.7,680.5,249.8,-408.5,0.0,1.2113024600329465,968.8487831196423,39.99601266937408,443574.14790770254,98.43,98.43,6.58,6.93,0.0,20.695,20.891,28.512,28.858,101102.0,1.4875816424686836e-05,1.9997030479599631,1.9997030479599631,5.934854788693804,3.067854914387187,108.32557596267218,-1.7334155781907177,-3.277768489029369,2.6799739045648447,0.0282068689168418,0.0145807411481846,0.5148441588396436,-0.0058990034843988,-0.0944262448156166,0.0091202453699113,0.5155841068364693,0.0057588300055021,-0.0145807411481846,0.5148441588396436,0.0282068689168418,-0.0145807411481846,-0.0017515307387681,-0.09548893454654411,-0.09548893454654411,0.0056836658857833,646.1666666666666,510.4333333333333,990.8666666666668,682.2333333333333,228.9,-411.6,-12.266666666666666,-5.233333333333333,-5.166666666666667,-1.7333333333333336,20.9,3.1,rudder_m5_elevator_0,raw_rudder_m5_elevator_0.txt,-5.0,0.0,40.0,2.5,0.0,1.9997030479599631,2.0,0.20820721740530065,0.039592446684057876,0.13258820076362768,0.045351276689559974,0.06776175283545556,0.5131199220186247,-0.0145807411481846,0.15671741079530194,0.02980120386171888,0.0997990357137082,0.03556003386722098,0.04992979931419152,0.5007416113616612,-0.0131003840053275,,,,,,False,0.00805,-0.0014803571428571,0.0128047157622739,-0.0004333333333333,-0.0068874999999999,0.00335,True,0.05797979931419152,-0.0145807411481846,0.5135463271239351,-0.0021848640721014,-0.102376434546544,0.0090336658857833,-0.102376434546544,40.0,0.0,True,exact_AoS_zero_dR,0.0,0.0,330.0,0.034608752698998047,0.06898509874297536,0.007219591,0.2507421613490729,0.01729747275969285,0.0,0.0009078527881911083,-0.001846699701543327,0.0062807440866477805,40.24721738943674,2.012262671053489,0.494510318526341,0.04930846648768754,-0.012937361146551377,-0.09430065799793812,-0.0017297344656090755,0.0056129376185315985,0.02932263087694394,0.0849543927173969,0.0003798401876512003,0.021763239641870987,2.5177632396418708,-0.001848882807338328,0.000462220701834582,0.49266143571900267,-0.09383843729610354,True,0.31264138635390964,0.0054566215698753934,0.0027362334857662174,2.8304046259957802,0.052044699973453755,True,0.5014888801603589,0.009544406815858462,0.5468945105486899,-0.08573118347361262,3.04289451054869,-0.008107253822490917,True
8.0,17.0,29.0,34.0,2.496,4.0,413.08,101104.0,290.83,627.8,-1835.1,382.4,1291.8,234.1,937.5,0.0,1.211076518003842,968.0459187785996,39.98316648035563,443278.0618370876,98.44,98.43,6.62,6.84,0.0,20.888,21.001,28.637,28.774,101104.0,1.4880971569157546e-05,1.9988576958203303,1.9990607698522125,5.932703060890534,-17.792944279978673,108.4607517965905,-4.09078674376746,-3.487492871643484,-6.121743855621287,0.0282200276324897,-0.0846355150579503,0.5159141425630291,-0.0139329422547457,-0.1005513281399908,-0.0208502444593735,0.5166536484854932,0.0057253788304749,0.0846355150579503,0.5159141425630291,0.034055160147471,0.082460817580431,-0.0307105088629618,-0.1045177266939827,-0.1045177266939827,-0.015326104424405,645.5,-1838.6,389.2,1291.7,212.3,935.9,-17.7,3.5,-6.8,0.1,21.8,1.6,rudder_m5_elevator_0,raw_rudder_m5_elevator_0.txt,-5.0,0.0,40.0,2.5,4.0,1.9988576958203303,2.0,0.20851230875731083,0.039684007357467514,0.13289482149472231,0.045409386187942415,0.07360494133782033,0.5141859183075961,0.07969522746872645,0.15704340050729657,0.029888458375984316,0.10009123586863364,0.03561383720645922,0.05639252456959269,0.5056077951823155,0.07425823929304969,,,,,,False,0.00745,0.0061196428571428,0.0090047157622739,-0.0061333333333333,-0.0039875,-0.00715,True,0.06384252456959269,0.08037788215019248,0.5146125109445894,-0.0368438421962951,-0.1085052266939827,-0.022476104424405,-0.1085052266939827,40.0,0.0,True,exact_AoS_zero_dR,4.0,0.0,348.0,0.04128048246965465,0.05939308005467165,0.007219591,0.2556392425491223,0.015183201997835643,0.0,0.0010828648300010859,-0.0018505219137791686,0.006451933916221917,40.24113522824818,2.0117541935816945,0.4991461016771748,0.05567182521878773,0.07330921519351012,-0.1031819847964373,-0.030318026987582864,-0.015130236025298189,0.029398276151635663,0.08379140479445407,0.00038266663869872226,0.021925183357894326,2.517925183357894,-0.0018371419139339513,0.00045928547848348783,0.49730895976324085,-0.1027226993179538,True,0.3149678004688115,0.005497225155945301,0.0027771064875283815,2.8328929838267056,0.05844893170631611,True,0.5052205384122537,0.009615428259928071,0.5509640392938784,-0.08636912279970838,3.0469640392938784,-0.016353576518245427,True
5.0,17.0,27.0,28.0,2.496,8.0,413.6,101103.0,290.59,316.8,-4388.7,-237.1,2112.7,-48.2,2249.3,0.0,1.21206476484882,969.273833278528,39.99220306840241,444024.1348092035,98.44,98.43,6.69,5.99,0.0,20.627,20.687,28.738,28.8,101103.0,1.4859325363624548e-05,1.999309457277746,1.999512577206353,3.0314849949308997,-42.40469060551149,113.8814294677028,-6.732263081787941,-4.139748418222957,-14.682518425976724,0.0144015658804061,-0.201450426577959,0.5410123790077764,-0.0229005833788073,-0.119205941288257,-0.0499443104555055,0.541126284296638,-0.0091729920296329,0.201450426577959,0.5410123790077764,0.0422978913878267,0.1974856142922642,-0.057595998735445006,-0.14447756537995352,-0.14447756537995352,-0.0328169611723514,329.6,-4392.0,-228.1,2110.7,-73.80000000000001,2243.5,-12.8,3.3,-9.0,2.0,25.6,5.8,rudder_m5_elevator_0,raw_rudder_m5_elevator_0.txt,-5.0,0.0,40.0,2.5,8.0,1.999309457277746,2.0,0.2083492902027326,0.03963506385790034,0.13273091824826544,0.03046207182826744,0.08150999228269942,0.539286286224156,0.1919747129020644,0.15687249993525637,0.0298424417305781,0.0999371341464472,0.020669449700945197,0.06897187147485613,0.5305080356354288,0.13501664662995347,,,,,,False,0.00285,0.0583196428571428,0.0092047157622739,-0.0198333333333333,0.0212125,-0.02055,True,0.07182187147485614,0.19333628948709627,0.5397127513977027,-0.0774293320687783,-0.1232650653799535,-0.0533669611723514,-0.1232650653799535,40.0,0.0,True,exact_AoS_zero_dR,8.0,0.0,373.0,0.05536457036537403,0.05295461198253305,0.007219591,0.2814387758737614,0.01490348117323412,0.0,0.0014523169907438697,-0.0018484789779380337,0.006823429012805837,40.265087027105366,2.0129516034341117,0.5233416994025876,0.06804016905303494,0.13319278229277706,-0.1425258987847908,-0.05681796661363159,-0.03237365520504503,0.02933151553440611,0.08577161475725736,0.00039371647014572423,0.022558292064138473,2.5185582920641383,-0.001934861136506981,0.00048371528412674526,0.5214068382660806,-0.14204218350066405,True,0.3240627691816536,0.0056559623053502655,0.002939804804868758,2.842621061245792,0.0709799738579037,True,0.5198092201222739,0.009893082099636307,0.5668736043091603,-0.08886310621150398,3.0628736043091602,-0.053179077289160076,True
6.0,17.0,28.0,4.0,2.496,9.995,413.18,101103.0,290.69,139.5,-5411.7,-530.7,2494.5,-212.4,2729.6,0.0,1.2116478035619338,968.2820542389112,39.978614543068126,443602.2211441562,98.43,98.43,7.47,5.58,0.0,20.581,20.759,28.844,28.75,101103.0,1.4868404494148588e-05,1.9988331840940223,1.9988331840940223,1.3125724684712332,-52.89379091530388,115.3634578482057,-6.839575068285243,-4.484204325729975,-17.84739052685116,0.0062419773554415,-0.2515379935717619,0.5486143499357741,-0.0232894478983835,-0.1292569641720157,-0.0607721777518867,0.5483656958166624,-0.0176559023633918,0.2515379935717619,0.5486143499357742,0.0498047389421536,0.2466370054763021,-0.0725168804158208,-0.1480287840177673,-0.1480287840177673,-0.044666295217226995,142.5,-5422.4,-520.5,2493.3,-240.1,2725.9,-3.0,10.7,-10.2,1.2,27.7,3.7,rudder_m5_elevator_0,raw_rudder_m5_elevator_0.txt,-5.0,0.0,40.0,2.5,10.0,1.9988331840940223,2.0,0.2085211522499277,0.0396866637872399,0.13290371741486554,0.022030761423848102,0.08885199367829907,0.5468860099937793,0.23975543434923413,0.15704649428077622,0.029889780246445105,0.10009566258233075,0.012233877883053305,0.07296295197682051,0.538307944988077,0.17953454730767232,,,,,,False,0.00625,0.0619196428571428,0.0090047157622739,-0.0189333333333333,0.0170125,-0.0201499999999999,True,0.07921295197682052,0.24145419016481512,0.5473126607503509,-0.0914502137491541,-0.1310162840177673,-0.0648162952172269,-0.1310162840177673,40.0,0.0,True,exact_AoS_zero_dR,10.0,0.0,391.0,0.06885309636054321,0.054838597447374196,0.007219591,0.2897754436372865,0.015890878903759426,0.0,0.0018061464407620757,-0.0018506327807624714,0.0071751046599996034,40.26546528657643,2.0131750213877773,0.5306654647038955,0.07192708035881777,0.17698565452074028,-0.14592718571538263,-0.07148734177718799,-0.04403215766874135,0.02935744351926116,0.08630268656025995,0.00039824623722809773,0.022817828600135766,2.518817828600136,-0.001969239909663252,0.000492309977415813,0.5286962247942323,-0.14543487573796682,True,0.32779115998003333,0.005721035000583052,0.003007839733395452,2.846608988580169,0.07493492009221323,True,0.52578970321853,0.01000690349405642,0.5733955702094329,-0.08988548958603071,3.0693955702094327,-0.05554938615193611,True
28.0,8.0,10.0,41.0,2.496,-9.995,104.26,101189.0,289.29,330.2,896.7,533.5,-88.4,83.8,-457.2,0.0,1.2185471305276716,243.22698967108667,19.98019463460076,223798.9645853479,49.21,49.21,0.59,0.58,0.0,19.603,19.399,45.032,44.352,101189.0,1.4728956569678325e-05,1.9981249644581995,1.9981249644581995,2.6138409208311546,8.520802655369632,29.33895051356545,-1.0460446418331577,-1.9136533810016108,2.840559422068558,0.0494843840843911,0.1613130577095466,0.5554354453156867,-0.0141798099486113,-0.2195947502517445,0.0385056154793571,0.5570635110491933,0.025248422501061,-0.1613130577095466,0.5554354453156867,0.0767312098266064,-0.1502761734086956,0.0235134989555778,-0.1929545707908949,-0.1929545707908949,0.032381610728089504,284.6,870.2,536.1,-83.60000000000001,64.8,-434.7,45.6,26.5,-2.6,-4.8,19.0,-22.5,rudder_0_elevator_0,raw_rudder_0_elevator_0.txt,0.0,0.0,20.0,2.5,-10.0,1.9981249644581995,2.0,0.2087765975308777,0.03976345396386844,0.1331608743275652,0.06501187646492944,0.11585401753954323,0.553703761189103,-0.14338128705147468,0.12159082398051503,0.02315810866236083,0.07755246815467341,0.048406531163421834,0.07136620815738774,0.5414222022456807,-0.13518025646008724,0.04916949525412677,-0.023921072753065768,-1.2637240119516653,0.12559673974025654,0.25119347948051307,True,0.0281499999999999,-0.0110803571428571,0.0130047157622739,0.0060666666666666,-0.0405875,0.00745,True,0.09951620815738764,-0.14626061360294434,0.5544269180079546,0.0295801656222444,-0.2335420707908949,0.0398316107280895,-0.2335420707908949,20.0,0.0,True,exact_AoS_exact_dR,-10.0,0.0,9.0,0.0537790839673638,0.06287911290193308,0.007219591,0.2931380010845628,0.018432257466043205,0.0,0.0014107266953757751,-0.0018538370105040227,0.006776480684871752,20.115590037622113,2.0116652196858107,0.5341582472399726,0.07040872816703443,-0.13336661953032466,-0.1903658086112923,0.023198031659017664,0.031947164999108366,0.02276350069682656,0.08932062750100259,0.00039789805827072905,0.022797879415363275,2.5187978794153634,-0.002036320895072438,0.0005090802237681095,0.5321219263449002,-0.18985672838752418,True,0.32750457852954457,0.0057160332106968815,0.003002582640662066,2.846302457944908,0.0734113108076965,True,0.5253300154837858,0.009998154652512303,0.572894261588955,-0.08980690444668459,3.068894261588955,-0.1000498239408396,True
20.0,8.0,3.0,34.0,2.496,-10.0,414.92,101193.0,289.89,683.6,4276.0,2362.5,-391.9,-76.4,-2171.3,0.0,1.2160731113350067,972.3909594001356,39.99038738198461,446306.3469309787,98.42,98.43,6.88,6.75,0.0,21.406,21.947,30.325,30.385,101193.0,1.4782670205155337e-05,1.9996249492965537,1.9994217973155213,5.8498046751061,41.28985933234436,118.92845611132644,-1.009739290275658,-7.416589613684414,14.027813347794028,0.0277013690964369,0.1955254400497548,0.5631779592281009,-0.0034237362310375,-0.2128794685405792,0.0475642903704021,0.5638500368901675,0.0031488901381546,-0.1955254400497548,0.5631779592281009,0.0612331594073884,-0.1877446770096469,0.0434985789564655,-0.1800996816466455,-0.1800996816466455,0.0423200576280806,638.0,4249.5,2365.1,-387.1,-95.4,-2148.8,45.6,26.5,-2.6,-4.8,19.0,-22.5,rudder_0_elevator_0,raw_rudder_0_elevator_0.txt,0.0,0.0,40.0,2.5,-10.0,1.9996249492965537,2.0,0.20823541170406787,0.03960090125603887,0.13261651365108654,0.04274979139419347,0.10019543398867799,0.5614533542135113,-0.18087457677119395,0.1567407955409755,0.02980797894179635,0.09982172427561167,0.03295686907995095,0.062410437913871075,0.5488751166978165,-0.17149312939534547,0.026121121209031005,-0.022972231070876405,-4.851811386856045,0.12079603855165937,0.24159207710331873,True,0.0281499999999999,-0.0110803571428571,0.0130047157622739,0.0060666666666666,-0.0405875,0.00745,True,0.09056043791387097,-0.18257348653820257,0.5618798324600904,0.0495652456231321,-0.2206871816466455,0.0497700576280806,-0.2206871816466455,40.0,0.0,True,exact_AoS_exact_dR,-10.0,0.0,270.0,0.04548480775268445,0.057186868817152535,0.007219591,0.3012638937300417,0.017228338770084478,0.0,0.0011931522033675197,-0.0018470527118331745,0.006565690491534345,40.25295188817128,2.0127538678127848,0.5417379952891821,0.06159890381621117,-0.169263173531059,-0.17775781324258705,0.04293295914665677,0.0417697623420979,0.02931270385692859,0.08561815844739172,0.0003970507034566531,0.02274932956076663,2.518749329560767,-0.0019477557029056495,0.0004869389257264124,0.5397902395862765,-0.17727087431686064,True,0.3268071320970211,0.005703860474093059,0.0029898077918766443,2.8455564616577878,0.06458871160808781,True,0.5242112844210272,0.009976862805767683,0.5716742387704882,-0.08961565366966173,3.067674238770488,-0.08765522064719891,True
26.0,8.0,9.0,3.0,2.496,-8.0,104.24,101190.0,289.33,328.7,671.0,453.6,-22.7,105.8,-350.6,0.0,1.2183907064735384,243.1803343072557,19.979560682557437,223739.12325650055,49.21,49.21,0.6,0.58,0.0,20.185,19.959,44.909,44.134,101190.0,1.4732428520159189e-05,1.9980615659064236,1.9980615659064236,2.700872105082296,6.304538068544964,29.06200962874485,-1.016482703594064,-1.717570605278078,2.1996451419946084,0.0511418400243831,0.1193783580949441,0.5502980479614616,-0.0137817223898718,-0.1971317552616021,0.0298233296011954,0.5520031693373514,0.0271280377615881,-0.1193783580949441,0.5502980479614616,0.0672583874364307,-0.1110990076552229,0.0020811132065836,-0.2022587346772815,-0.2022587346772815,0.008510167140860302,294.0,655.5,456.3,-17.299999999999997,86.9,-336.70000000000005,34.7,15.5,-2.7,-5.4,18.9,-13.9,rudder_0_elevator_0,raw_rudder_0_elevator_0.txt,0.0,0.0,20.0,2.5,-8.0,1.9980615659064236,2.0,0.20879945787765505,0.0397703316379859,0.1331839064590207,0.066898369399574,0.10660431261021837,0.5485660643146425,-0.10556929848916097,0.12160984621771034,0.023163201493352086,0.07756952315769741,0.05029123925494018,0.07392440435675005,0.5378845831004967,-0.04889801436633001,0.05198462518046862,-0.02485658741888052,-1.3128943393502654,0.13050034445258737,0.26100068890517475,True,0.01625,-0.0589803571428571,0.0114047157622739,0.0164666666666666,-0.0092874999999999,0.02215,True,0.09017440435675005,-0.10787837150918711,0.5492892988627706,0.0185477798732502,-0.2115462346772814,0.0306601671408603,-0.2115462346772814,20.0,0.0,True,exact_AoS_exact_dR,-8.0,0.0,26.0,0.05627680981986645,0.0591417091135956,0.007219591,0.28931982473719514,0.017110868915403657,0.0005367256214799387,0.0015466433717152425,-0.00185412393598021,0.006912110435735033,20.117661612452743,2.0118723881073666,0.5305251393530298,0.07291295596703695,-0.048228982017387234,-0.19949139047918024,0.0020526390021591524,0.008393729343008414,0.022762371705983653,0.08834747212578116,0.0003948584460331803,0.022623722462795415,2.518623722462795,-0.001998748689663227,0.0004996871724158067,0.5285263906633666,-0.19899170330676444,True,0.32500271428552674,0.005672367442200852,0.0029568833637841517,2.843626436748322,0.0758698393308211,True,0.5213169284364252,0.00992177701607256,0.5685178230209577,-0.08912085393676533,3.0645178230209575,-0.10987084936999911,True
25.0,8.0,8.0,10.0,2.496,-4.0,104.33,101191.0,289.37,249.6,428.2,323.7,74.6,129.6,-246.9,0.0,1.2182343256648152,243.3902837360233,19.98946635397758,223797.30524426769,49.21,49.21,0.56,0.58,0.0,20.549,20.332,44.893,43.941,101191.0,1.4735900733930148e-05,1.9990521853531449,1.9990521853531449,2.32990646140856,3.712117485203861,27.612775519369457,-0.1648759289195914,-1.070392192010539,1.5605708355783914,0.0440794360874635,0.0702294483269843,0.5224053385249141,-0.0022335000883574,-0.1227467880436264,0.021140351547934,0.5238293575557128,0.0212870516485512,-0.0702294483269843,0.5224053385249141,0.0488710194648648,-0.0669835468944885,0.0085568963766782,-0.12988320794628472,-0.12988320794628472,0.0080350648840438,253.6,417.5,329.7,77.6,106.6,-239.1,-4.0,10.7,-6.0,-3.0,23.0,-7.8,rudder_0_elevator_0,raw_rudder_0_elevator_0.txt,0.0,0.0,20.0,2.5,-4.0,1.9990521853531449,2.0,0.20844213382577556,0.039662932873903184,0.13282424672372836,0.060949984522454384,0.08839979745344169,0.5206780320556647,-0.0642194254697245,0.1213126186382474,0.023083693116613204,0.07730326346676274,0.04437074476516441,0.0633266348908339,0.5096953362251756,-0.03779448040809494,0.04177184282351898,-0.02048479117496778,-1.0829155724149147,0.10765450949027372,0.21530901898054744,True,0.00855,-0.0275803571428571,0.0117047157622739,0.0080666666666666,-0.0052874999999999,0.01385,True,0.0718766348908339,-0.06537483755095204,0.5214000519874495,0.0166235630433448,-0.1351707079462846,0.0218850648840438,-0.1351707079462846,20.0,0.0,True,exact_AoS_exact_dR,-4.0,0.0,49.0,0.04524160151880904,0.06431395560586022,0.007219591,0.2597893357696948,0.016708079807568065,0.0013769535644567975,0.0013673728769185273,-0.0018496423111862223,0.006737321565732305,20.12414181673171,2.0125204427525487,0.502896162688649,0.06248187773983493,-0.03729031407037517,-0.12815060729734054,0.008442750102886502,0.007927879676251885,0.02269230389047623,0.08857937545906788,0.0003838168206742448,0.021991083930763787,2.517991083930764,-0.0019479564802549999,0.00048698912006374997,0.500948206208394,-0.12766361817727678,True,0.31591449989419423,0.0055137481779449675,0.0027938258870071216,2.8339055838249583,0.06527570362684205,True,0.5067390809194385,0.009644329374248115,0.552620073144417,-0.0866287226661188,3.048620073144417,-0.04103489551115798,True
15.0,7.0,59.0,55.0,2.496,-3.995,415.08,101192.0,289.75,605.0,2336.1,1540.5,210.3,155.2,-1304.0,0.0,1.2166486644737404,972.7688038271756,39.98869424008703,446666.043676063,98.44,98.42,6.41,7.57,0.0,21.335,21.615,30.295,30.305,101192.0,1.4770140458672609e-05,1.9991340422443984,1.999540287731544,5.588414801971608,21.11283129232872,111.21177813921176,0.6874384260027631,-4.17427049379646,8.459759605888756,0.0264532953498403,0.0999396039195734,0.5264315763496248,0.0023300010965375,-0.1197681647070839,0.0286734759253701,0.5270841634519289,0.0035022922489533,-0.0999396039195734,0.5264315763496248,0.0333517515826384,-0.0978537783268335,0.0211539540761023,-0.1219366045230031,-0.1219366045230031,0.016124461294819002,609.0,2325.4,1546.5,213.3,132.2,-1296.2,-4.0,10.7,-6.0,-3.0,23.0,-7.8,rudder_0_elevator_0,raw_rudder_0_elevator_0.txt,0.0,0.0,40.0,2.5,-4.0,1.9991340422443984,2.0,0.2084125954756759,0.039654064672809866,0.13279454866449109,0.043156356921763166,0.07287193237638233,0.5247046560873452,-0.09509372370546997,0.1569388632368707,0.029860305795186264,0.0999969577841128,0.03336259804413957,0.05456124013240629,0.5134264550036849,-0.06819504471272796,0.035591669417821506,-0.032089377168868206,-6.780016383582648,0.1686543469917588,0.3373086939835176,True,0.00855,-0.0275803571428571,0.0117047157622739,0.0080666666666666,-0.0052874999999999,0.01385,True,0.0631112401324063,-0.09577540185558506,0.5251311707659588,0.0292206207427689,-0.127224104523003,0.029974461294819,-0.127224104523003,40.0,0.0,True,exact_AoS_exact_dR,-4.0,0.0,312.0,0.040414881905188875,0.060651324082226885,0.007219591,0.26360672469765084,0.015988096889891584,0.0,0.0010601584963535055,-0.0018492721443714507,0.006430477351982056,40.24584063273325,2.0119894284266273,0.5068864510354721,0.05386624141642859,-0.06732637918393186,-0.12038338133070559,0.020884495924398557,0.01591906860454041,0.02937190814269897,0.08395380468075124,0.0003832646928373534,0.021959449335958222,2.517959449335958,-0.001843579320447889,0.00046089483011197227,0.5050428717150243,-0.11992248650059362,True,0.31546005084435114,0.005505816545742646,0.0027857937244365138,2.8334195001803093,0.0566520351408651,True,0.5060101270603427,0.009630455821999109,0.551825118600549,-0.08650410559182206,3.047825118600549,-0.033418380908771556,True
1.0,7.0,50.0,35.0,-5.003,0.0,416.15,101202.0,289.04999999999995,-712.5,-304.7,-677.2,-537.7,-44.9,145.1,0.0,1.2197155774698278,975.2956993346116,39.99022680162341,448650.62717508303,123.03,123.03,17.61,17.79,0.0,17.271,17.78,34.089,33.593,101202.0,1.4705369044506352e-05,1.5996285235477827,1.5996285235477827,-6.721431338813684,-3.1663429218524537,-75.4105237120606,-1.0934200877537406,5.995030416326419,-0.988469440303608,-0.0317341038408047,-0.0149493537927588,-0.3560380623616357,-0.0036964317736716,0.1715637470253607,-0.0033416340959565,-0.3519141401326313,-0.0626625340336449,0.0149493537927588,-0.3560380623616357,-0.0317341038408047,0.0149493537927588,-0.0065712325562685,0.1790580983895318,0.1790580983895318,-0.0053390926288945,-731.4,-315.5,-667.6,-528.0,-82.3,151.29999999999998,18.9,10.8,-9.6,-9.7,37.4,-6.2,rudder_0_elevator_0,raw_rudder_0_elevator_0.txt,0.0,0.0,40.0,-5.0,0.0,1.5996285235477827,1.6,0.3272384845934966,0.0972464309649494,0.3256613418013064,0.03458389693130451,0.06514183118143832,-0.3475574050176076,0.0149493537927588,0.3151577823808455,0.09365637286041426,0.3136388631574479,0.030993838826769357,0.055665450719862515,-0.37152048645748775,0.011099353792758799,0.03135325211501952,-0.09401578614866442,-19.9157612807571,0.31636722378268106,0.6327344475653621,True,0.0059,0.00385,0.02365,-0.0015999999999999,0.00145,0.0026999999999999,True,0.06156545071986252,0.0149493537927588,-0.34787048645748775,-0.0081712325562684,0.1805080983895318,-0.0026390926288946,0.1805080983895318,40.0,0.0,True,exact_AoS_exact_dR,0.0,0.0,330.0,0.034608752698998047,0.06898509874297536,0.007219591,0.13802747185760833,0.009521838775340363,0.011534859245524106,0.0024207582399591253,-0.003970243813815256,0.005670105426143869,40.21697560360402,1.6086985859189655,-0.36734293006515284,0.055039521415924726,0.010974547279853267,0.17704468235786402,-0.006497342432919676,-0.005279057283996612,0.09187639317114538,0.0849543927173969,-0.0001513415259752923,-0.00867123070345377,-5.011671230703454,0.0007366591385243612,-0.0001841647846310903,-0.36660627092662845,0.17686051757323293,True,-0.12456718912870962,-0.0021741075902504694,0.0004343777256542913,-5.136238419832164,0.05547389914157902,True,-0.19981059100782428,-0.003802823237248988,-0.217901771494367,0.03415828169945698,-5.2209017714943675,0.14270223587377595,True
7.0,7.0,54.0,18.0,-5.0,0.0,415.49,101197.0,289.33,1459.2,52.1,-922.2,-925.5,1613.0,-82.3,0.0,1.218474990839042,973.7370409857692,39.97859556381135,447727.296587814,82.03,82.02,0.83,0.83,0.0,23.481,24.357,30.965,30.78,101197.0,1.4731409448451123e-05,2.398452479684511,2.3987449025666967,13.257633833432498,-0.2696693397625085,-73.4722255451341,-0.4063086231071196,6.469241607603115,0.4903263071331226,0.0626938744929595,-0.0012752362868127,-0.3474419753115519,-0.0013757714861863,0.1854309064635704,0.0016602575331091,-0.3515839848970535,0.0321737419527237,0.0012752362868127,-0.3474419753115519,0.0626938744929595,0.0012752362868127,1.6103321756399903e-05,0.1663104518429098,0.1663104518429098,-0.0008948275492915,1440.3,41.3,-912.6,-915.8,1575.6,-76.1,18.9,10.8,-9.6,-9.7,37.4,-6.2,rudder_0_elevator_0,raw_rudder_0_elevator_0.txt,0.0,0.0,40.0,-5.0,0.0,2.398452479684511,2.4,0.04601568504819606,0.00608262766686956,0.020369659513617105,0.03825636961959326,0.06875335592516106,-0.3469118393793884,0.0012752362868127,-0.016261521868194018,-0.002149544937063997,-0.007198451208135094,0.0300241970156597,0.05465250922334633,-0.3712793204971112,-0.0025747637131873,0.03135325211501952,0.0008204898377041775,0.1735300605086613,-0.0062070874669321735,-0.012414174933864347,True,0.0059,0.00385,0.02365,-0.0015999999999999,0.00145,0.0026999999999999,True,0.06055250922334633,0.0012752362868127,-0.3476293204971112,-0.0015838966782435,0.1677604518429098,0.0018051724507084,0.1677604518429098,40.0,0.0,True,exact_AoS_exact_dR,0.0,0.0,330.0,0.034608752698998047,0.06898509874297536,0.007219591,0.13784833382879663,0.009509480920734167,0.010534275603614116,0.002289522269534699,-0.0003128093541357832,0.009196303915398916,40.34625087872698,2.420509377614332,-0.3645435831529513,0.05366100518042024,-0.002528052433733107,0.163293253040395,1.581117581739534e-05,-0.0008785936170264987,-0.0021092402047025844,0.0849543927173969,-0.0001513415259752923,-0.00867123070345377,-5.008671230703454,0.0007366591385243612,-0.0001841647846310903,-0.36380692401442694,0.1631090882557639,True,-0.12456718912870962,-0.0021741075902504694,0.0004343777256542913,-5.133238419832164,0.05409538290607453,True,-0.19981059100782428,-0.003802823237248988,-0.217901771494367,0.03415828169945698,-5.217901771494367,0.12895080655630692,True
21.0,8.0,6.0,9.0,2.496,0.0,104.48,101192.0,289.45,-113.3,-50.8,254.6,245.6,-130.7,25.6,0.0,1.2179096580800357,243.7402011165107,20.006496532749907,223880.23999536084,61.52,61.52,1.82,1.43,0.0,21.349,21.333,38.423,39.307,101192.0,1.474299164301762e-05,1.6004091023428386,1.6004091023428386,-0.9319082618249624,-0.4510785254429526,27.39931818282415,-0.6615314907139259,-0.9836431997653596,-0.1467786235802315,-0.0176054357190671,-0.0085216907170516,0.5176227690795846,-0.0089486044791795,-0.112636946836741,-0.0019854895297582,0.5163649715108269,-0.0401310183411548,0.0085216907170516,0.5176227690795846,-0.0176054357190671,0.0085216907170516,-0.010819899020287,-0.1007873025209408,-0.1007873025209408,-0.0058279146395669,-101.03333333333332,-45.56666666666666,259.76666666666665,247.3333333333333,-151.6,22.5,-12.266666666666666,-5.233333333333333,-5.166666666666667,-1.7333333333333336,20.9,3.1,rudder_0_elevator_0,raw_rudder_0_elevator_0.txt,0.0,0.0,20.0,2.5,0.0,1.6004091023428386,1.6,0.3270630774759369,0.09709951730834994,0.32516935358063476,0.056968498967195136,0.07940195981609469,0.5133941200046176,0.0085216907170516,0.2683923523068739,0.07968116749640577,0.26683833705451865,0.03955014915525097,0.053950135413495165,0.5013479671153787,0.0100020478599087,0.044011547913636394,-0.08414256625479119,-4.454538731848542,0.2834198091698277,0.5668396183396553,True,0.00805,-0.0014803571428571,0.0128047157622739,-0.0004333333333333,-0.0068874999999999,0.00335,True,0.06200013541349517,0.0085216907170516,0.5141526828776526,-0.0112532323536203,-0.1076748025209407,-0.0024779146395669,-0.1076748025209407,20.0,0.0,True,exact_AoS_exact_dR,0.0,0.0,66.0,0.0410732835065928,0.07137849358511905,0.007219591,0.2513497841307228,0.017940968954195856,0.0,0.0010774296108251155,-0.0039654274437104856,0.004331593167114629,20.093156536429067,1.6073414234751349,0.49703275407645975,0.053485774644013516,0.00991595801777908,-0.09991980387624053,-0.01072676975200499,-0.005777752486946507,0.07837521062780678,0.09027235048587415,0.00038525357046954964,0.02207340363025104,2.5180734036302512,-0.0019926180289261885,0.0004981545072315471,0.49504013604753355,-0.09942164936900898,True,0.3170970694654274,0.0055343879105968835,0.0028147814129505216,2.835170473095679,0.05630055605696404,True,0.5086359682666501,0.009680431200713048,0.5546887078008577,-0.08695300183486246,3.0506887078008575,-0.012468647534146518,True
22.0,8.0,6.0,43.0,2.496,0.0,104.43,101192.0,289.41,402.7,-22.7,167.0,158.0,281.8,12.1,0.0,1.2180779880835713,243.62356175831005,20.000326911601103,223866.1439813953,41.01,41.01,0.2,0.11,0.0,21.186,21.102,34.335,33.595,101192.0,1.4739373210956738e-05,2.40006841422405,2.40006841422405,3.815258420395117,-0.1672607373749526,26.79357289407993,-0.3765608943918384,-0.6325710064314363,-0.0596149826675442,0.072111653242117,-0.0031613712534193,0.5064214857181766,-0.0050962166701485,-0.0724703627598654,-0.0008068040866315,0.5090814621803817,0.0499887646836889,0.0031613712534193,0.5064214857181767,0.072111653242117,0.0031613712534193,-0.005513108854969299,-0.0859077462758578,-0.0859077462758578,-0.0044167816001278,414.9666666666666,-17.466666666666665,172.16666666666666,159.73333333333332,260.90000000000003,9.0,-12.266666666666666,-5.233333333333333,-5.166666666666667,-1.7333333333333336,20.9,3.1,rudder_0_elevator_0,raw_rudder_0_elevator_0.txt,0.0,0.0,20.0,2.5,0.0,2.40006841422405,2.4,0.04529742285114266,0.005979623343280997,0.02002471599334254,0.0559683880269699,0.07808560350358827,0.5061610752710379,0.0031613712534193,-0.030516248302268022,-0.004028389678972606,-0.01349037466090245,0.045960375004716295,0.06003708544002505,0.4937922048783597,0.0046417283962764,0.044011547913636394,0.005977216770052508,0.3162846502137919,-0.045279192344153354,-0.09055838468830671,True,0.00805,-0.0014803571428571,0.0128047157622739,-0.0004333333333333,-0.0068874999999999,0.00335,True,0.06808708544002505,0.0031613712534193,0.5065969206406336,-0.0059464421883026,-0.0927952462758577,-0.0010667816001278,-0.0927952462758577,20.0,0.0,True,exact_AoS_exact_dR,0.0,0.0,66.0,0.0410732835065928,0.07137849358511905,0.007219591,0.24383074159863194,0.01740427102505277,0.0015595309083794792,0.001281976780692279,-0.0003076141564180768,0.008193953624274202,20.164208662785086,2.4197344635052866,0.48579836933217335,0.059065165302488405,0.004566585020007353,-0.08451701473111445,-0.00542385899419901,-0.004345279811711475,-0.003960758101697801,0.09027235048587415,0.00038525357046954964,0.02207340363025104,2.5180734036302512,-0.0019926180289261885,0.0004981545072315471,0.48380575130324716,-0.0840188602238829,True,0.3170970694654274,0.0055343879105968835,0.0028147814129505216,2.835170473095679,0.06187994671543893,True,0.5086359682666501,0.009680431200713048,0.5546887078008577,-0.08695300183486246,3.0506887078008575,0.00293414161097956,True
23.0,8.0,7.0,7.0,2.496,0.0,104.31,101191.0,289.41,493.9,-21.9,150.0,143.4,354.5,10.9,0.0,1.2180659507882503,243.34362824262425,19.988931776445074,223736.3857873665,35.15,35.15,-0.16,-0.09,0.0,21.031,20.886,26.85,26.17,101191.0,1.4739518869890942e-05,2.798598214688046,2.798598214688046,4.654314004575608,-0.1689258464752604,26.642614314089883,-0.3418919219886683,-0.5732011392690834,-0.0520163324197567,0.0880717207641083,-0.0031965161710154,0.5041475254977595,-0.0046323441423646,-0.0657442093673462,-0.00070477696984,0.5075047145505892,0.0660327204709162,0.0031965161710154,0.5041475254977595,0.0880717207641083,0.0031965161710154,-0.005064015965303799,-0.08367998528883101,-0.08367998528883101,-0.0042950811879051,506.1666666666666,-16.666666666666664,155.16666666666666,145.13333333333333,333.6,7.800000000000001,-12.266666666666666,-5.233333333333333,-5.166666666666667,-1.7333333333333336,20.9,3.1,rudder_0_elevator_0,raw_rudder_0_elevator_0.txt,0.0,0.0,20.0,2.5,0.0,2.798598214688046,2.8,-0.14089269730061552,-0.013679019090024355,-0.04580864991321519,0.05235370138089184,0.0744056794470841,0.5047432418620109,0.0031965161710154,-0.181612670673353,-0.017632448215754673,-0.059047994751132676,0.048400272255161525,0.06240600108048555,0.4921106965170459,0.0046768733138725,0.044011547913636394,0.022021172557279804,1.1639122525348955,-0.22681614660367586,-0.4536322932073517,True,0.00805,-0.0014803571428571,0.0128047157622739,-0.0004333333333333,-0.0068874999999999,0.00335,True,0.07045600108048555,0.0031965161710154,0.5049154122793198,-0.0054973492986371,-0.0905674852888309,-0.0009450811879051,-0.0905674852888309,20.0,0.0,True,exact_AoS_exact_dR,0.0,0.0,66.0,0.0410732835065928,0.07137849358511905,0.007219591,0.24217293762649209,0.017285939474862,0.004046778099030753,0.0016082026803356708,0.0007529740480823714,0.009580767728418042,20.18044108893439,2.8254109341481377,0.48281490350833606,0.06122717429892743,0.004588528869093272,-0.08209930064262781,-0.004968358535909485,-0.004213948658250796,-0.017325211281730448,0.09027235048587415,0.00038525357046954964,0.02207340363025104,2.5180734036302512,-0.0019926180289261885,0.0004981545072315471,0.48082228547940986,-0.08160114613539626,True,0.3170970694654274,0.0055343879105968835,0.0028147814129505216,2.835170473095679,0.06404195571187794,True,0.5086359682666501,0.009680431200713048,0.5546887078008577,-0.08695300183486246,3.0506887078008575,0.005351855699466196,True
24.0,8.0,7.0,32.0,2.496,0.0,104.52,101192.0,289.39,232.4,-28.3,198.6,185.0,143.7,14.5,0.0,1.218162170535493,243.83351276965868,20.00825165955574,223982.337972026,49.21,49.21,0.56,0.54,0.0,20.844,20.649,44.904,43.815,101192.0,1.4737564119370352e-05,2.0009308151026115,2.0009308151026115,2.24850780270859,-0.2276828277309029,26.99276102797617,-0.5098789872201681,-0.77383137595471,-0.0749581612321228,0.0424621308940779,-0.0042996951230488,0.5097470200378204,-0.0068945460190078,-0.0885774922277964,-0.0010135787217525,0.5111126154067658,0.0202225460701507,0.0042996951230488,0.5097470200378204,0.0424621308940779,0.0042996951230488,-0.0076212626728870995,-0.0936580698610366,-0.0936580698610366,-0.0047156491224847,244.66666666666669,-23.066666666666663,203.76666666666665,186.7333333333333,122.79999999999998,11.4,-12.266666666666666,-5.233333333333333,-5.166666666666667,-1.7333333333333336,20.9,3.1,rudder_0_elevator_0,raw_rudder_0_elevator_0.txt,0.0,0.0,20.0,2.5,0.0,2.0009308151026115,2.0,0.20776376505148428,0.0394596509587509,0.13214349103330827,0.059682197028901596,0.08188434507542283,0.5080285664229032,0.0042996951230488,0.12076572494813927,0.022936498831031594,0.07681033546855917,0.04315904490118229,0.05732686905109577,0.4959434279963079,0.0057800522659059005,0.044011547913636394,-0.023789001843485695,-1.259880738174434,0.12525434132668628,0.25050868265337256,True,0.00805,-0.0014803571428571,0.0128047157622739,-0.0004333333333333,-0.0068874999999999,0.00335,True,0.06537686905109577,0.0042996951230488,0.5087481437585818,-0.0080545960062204,-0.1005455698610365,-0.0013656491224847,-0.1005455698610365,20.0,0.0,True,exact_AoS_exact_dR,0.0,0.0,66.0,0.0410732835065928,0.07137849358511905,0.007219591,0.24595988377272907,0.017556245986068367,0.0,0.0010774296108251155,-0.0018411530261111253,0.00645586758471399,20.137422282871466,2.0138485594910875,0.48960141842433674,0.05659378634099301,0.005706138297643493,-0.09246039217842103,-0.007523803732827678,-0.004655346494836858,0.02256057464303134,0.09027235048587415,0.00038525357046954964,0.02207340363025104,2.5180734036302512,-0.0019926180289261885,0.0004981545072315471,0.48760880039541055,-0.09196223767118948,True,0.3170970694654274,0.0055343879105968835,0.0028147814129505216,2.835170473095679,0.059408567753943535,True,0.5086359682666501,0.009680431200713048,0.5546887078008577,-0.08695300183486246,3.0506887078008575,-0.005009235836327022,True
4.0,7.0,52.0,15.0,2.507,0.0,416.01,101202.0,289.17999999999995,-839.5,-157.4,1112.5,1105.4,-959.7,55.8,0.0,1.2191672579972812,974.9650714676034,39.99243808047264,448317.21003641264,123.03,123.04,17.64,17.93,0.0,20.15,21.793,34.112,33.614,101202.0,1.4717119291721276e-05,1.599716975777331,1.5995869597682464,-7.6203100498676655,-1.7852427811914882,112.4485216320533,-1.9805467648002115,-4.68383258262846,-0.3436620319839879,-0.0359902087690589,-0.0084315808645676,0.5310867593084246,-0.00669773560783,-0.1340857876031317,-0.0011621828222322,0.5290041845169331,-0.0591862636389535,0.0084315808645676,0.5310867593084247,-0.0359902087690589,0.0084315808645676,-0.008581347759656001,-0.1170543404314959,-0.1170543404314959,-0.0049079891634643,-827.2333333333333,-152.16666666666669,1117.6666666666667,1107.1333333333334,-980.6,52.7,-12.266666666666666,-5.233333333333333,-5.166666666666667,-1.7333333333333336,20.9,3.1,rudder_0_elevator_0,raw_rudder_0_elevator_0.txt,0.0,0.0,40.0,2.5,0.0,1.599716975777331,1.6,0.3272186207862322,0.09722977494668739,0.3256055637002239,0.03804351130773389,0.06114650610278191,0.5268337885713762,0.0084315808645676,0.31512613077606194,0.09363661120982895,0.31357268483520034,0.03445034757087546,0.04950678143678908,0.5141862429787819,0.0099119380074247,0.036549391027262394,-0.09573565466621589,-20.273213292299687,0.32219028478799816,0.6443805695759963,True,0.00805,-0.0014803571428571,0.0128047157622739,-0.0004333333333333,-0.0068874999999999,0.00335,True,0.05755678143678908,0.0084315808645676,0.5269909587410558,-0.0090146810929893,-0.1239418404314958,-0.0015579891634643,-0.1239418404314958,40.0,0.0,True,exact_AoS_exact_dR,0.0,0.0,330.0,0.034608752698998047,0.06898509874297536,0.007219591,0.26438749246863497,0.018238797274356438,0.0,0.0009078527881911083,-0.003969697894817265,0.004157745893373843,40.15871647566773,1.60636819246393,0.5099370504185023,0.049097661491949815,0.00983002657199791,-0.11608701304905082,-0.008510432211923219,-0.004867429947180123,0.09213291516054077,0.0849543927173969,0.0003798401876512003,0.021763239641870987,2.528763239641871,-0.001848882807338328,0.000462220701834582,0.508088167611164,-0.11562479234721625,True,0.31264138635390964,0.0054566215698753934,0.0027362334857662174,2.8414046259957804,0.05183389497771603,True,0.5014888801603589,0.009544406815858462,0.5468945105486899,-0.08573118347361262,3.05389451054869,-0.029893608873603622,True
10.0,7.0,55.0,35.0,2.503,0.0,415.81,101196.0,289.41,1385.5,-105.5,709.6,740.6,833.6,18.3,0.0,1.2181261372648535,974.4927490899582,39.99983251449172,447740.7929164204,82.02,82.01,1.1,0.8,0.0,22.733,22.766,30.455,30.383,101196.0,1.4738790604007414e-05,2.4000191351021867,2.400311784673592,12.849841876790176,-1.4107643979511804,109.44690935532128,-1.029505139611864,-2.989315423938594,-0.1041460719765816,0.0607183487914234,-0.0066661742298979,0.5171608864995387,-0.0034832276780618,-0.0856177029841382,-0.0003523678187823,0.5193191554259788,0.038075125903847,0.0066661742298979,0.5171608864995387,0.0607183487914234,0.0066661742298979,-0.0049082710447519995,-0.0958438498218493,-0.0958438498218493,-0.0039362040245119,1397.7666666666669,-100.26666666666668,714.7666666666667,742.3333333333334,812.7,15.2,-12.266666666666666,-5.233333333333333,-5.166666666666667,-1.7333333333333336,20.9,3.1,rudder_0_elevator_0,raw_rudder_0_elevator_0.txt,0.0,0.0,40.0,2.5,0.0,2.4000191351021867,2.4,0.045319332552186314,0.005982761277810931,0.020035224388965524,0.04405788718165793,0.06669540213391296,0.5168996091597083,0.0066661742298979,-0.01715499937036874,-0.0022646905895122604,-0.007584053921847064,0.03581043531433474,0.050405818860979425,0.504455073619277,0.008146531372754999,0.036549391027262394,0.0015257348765846043,0.32293677713043606,-0.011557420235845783,-0.023114840471691565,True,0.00805,-0.0014803571428571,0.0128047157622739,-0.0004333333333333,-0.0068874999999999,0.00335,True,0.058455818860979426,0.0066661742298979,0.5172597893815509,-0.0053416043780853,-0.1027313498218492,-0.0005862040245119,-0.1027313498218492,40.0,0.0,True,exact_AoS_exact_dR,0.0,0.0,330.0,0.034608752698998047,0.06898509874297536,0.007219591,0.2544749213002302,0.017554977573507262,0.0,0.0009078527881911083,-0.0003077724738500082,0.0078196713143411,40.31261805738374,2.4187864958868146,0.496657310537312,0.04962665604949186,0.008020603961362796,-0.09436231524551501,-0.004832399997456456,-0.0038753589898783774,-0.0022283222689556932,0.0849543927173969,0.0003798401876512003,0.021763239641870987,2.524763239641871,-0.001848882807338328,0.000462220701834582,0.4948084277299737,-0.09390009454368044,True,0.31264138635390964,0.0054566215698753934,0.0027362334857662174,2.8374046259957804,0.05236288953525808,True,0.5014888801603589,0.009544406815858462,0.5468945105486899,-0.08573118347361262,3.04989451054869,-0.008168911070067814,True
11.0,7.0,56.0,5.0,2.503,0.0,415.59,101195.0,289.48,1815.7,-95.1,626.5,672.7,1183.4,9.4,0.0,1.2178195442593014,973.9731987502936,39.994201580787575,447481.0876089892,70.31,70.29,-1.35,-1.37,0.0,22.323,22.209,27.955,28.552,101195.0,1.4745268537566482e-05,2.7993437373512617,2.800140250009492,16.807719264686142,-1.3527964239444386,108.7849042792004,-0.7344969339462756,-2.621960225846349,-0.0471242249300723,0.0794625614479741,-0.0063956725639831,0.5143069684094561,-0.0024864225532374,-0.0751362531413241,-0.0001595251528695,0.5172865517376948,0.056926090834727,0.0063956725639831,0.5143069684094561,0.0794625614479741,0.0063956725639831,-0.0038446697440130003,-0.09064551195490761,-0.09064551195490761,-0.0036966835667216003,1827.9666666666667,-89.86666666666666,631.6666666666666,674.4333333333334,1162.5,6.300000000000001,-12.266666666666666,-5.233333333333333,-5.166666666666667,-1.7333333333333336,20.9,3.1,rudder_0_elevator_0,raw_rudder_0_elevator_0.txt,0.0,0.0,40.0,2.5,0.0,2.7993437373512617,2.8,-0.1412527735938798,-0.013706674596240134,-0.04590126338162794,0.043219416238486866,0.06576896389232342,0.5149055621540717,0.0063956725639831,-0.20067092844378553,-0.01947240430841021,-0.06520968689802145,0.037453686526316796,0.051958735053537666,0.5023526455947785,0.007876029706840199,0.036549391027262394,0.020376699807464607,4.310629281543113,-0.20999005588735484,-0.4199801117747097,True,0.00805,-0.0014803571428571,0.0128047157622739,-0.0004333333333333,-0.0068874999999999,0.00335,True,0.06000873505353767,0.0063956725639831,0.5151573613570525,-0.0042780030773463,-0.0975330119549075,-0.0003466835667216,-0.0975330119549075,40.0,0.0,True,exact_AoS_exact_dR,0.0,0.0,330.0,0.034608752698998047,0.06898509874297536,0.007219591,0.2523581805360732,0.017408954002878608,0.0,0.0009078527881911083,0.0007545733064477765,0.008882017094638884,40.349430762914565,2.824207556280186,0.4935463356318384,0.05104789138589462,0.007737961838612612,-0.08905648384482531,-0.0037772721623185123,-0.0036318802027721303,-0.019159699939356484,0.0849543927173969,0.0003798401876512003,0.021763239641870987,2.524763239641871,-0.001848882807338328,0.000462220701834582,0.4916974528245001,-0.08859426314299074,True,0.31264138635390964,0.0054566215698753934,0.0027362334857662174,2.8374046259957804,0.053784124871660836,True,0.5014888801603589,0.009544406815858462,0.5468945105486899,-0.08573118347361262,3.04989451054869,-0.002863079669378113,True
12.0,7.0,56.0,55.0,2.503,0.0,415.58,101193.0,289.54999999999995,605.7,-131.5,849.6,867.5,204.7,37.4,0.0,1.2175010680190128,973.9495829321944,39.998947184542295,447333.2035533821,98.42,98.43,7.13,6.35,0.0,21.723,21.592,30.299,30.153,101193.0,1.4751893393639962e-05,2.00005296202351,1.9998497665585069,5.675647094404695,-1.5931973711987517,110.35666158098408,-1.412485808087964,-3.5883151607617805,-0.226933555433952,0.0268336461681774,-0.0075324088731598,0.5217504823520099,-0.0047816696912629,-0.1028311150702209,-0.0007682351905665,0.5224245700339878,0.0040223160041163,0.0075324088731598,0.5217504823520099,0.0268336461681774,0.0075324088731598,-0.0064312304976095,-0.10350675789328731,-0.10350675789328731,-0.0044190422790432,617.9666666666667,-126.26666666666668,854.7666666666667,869.2333333333333,183.8,34.3,-12.266666666666666,-5.233333333333333,-5.166666666666667,-1.7333333333333336,20.9,3.1,rudder_0_elevator_0,raw_rudder_0_elevator_0.txt,0.0,0.0,40.0,2.5,0.0,2.00005296202351,2.0,0.20808087503240277,0.0395545775932947,0.13246138378136563,0.043576893597411,0.0663504861750828,0.5200230668106245,0.0075324088731598,0.15657883585593857,0.029764435157085087,0.0996759037327345,0.03378675116120139,0.04851968415832474,0.5076459031858193,0.0090127660160169,0.036549391027262394,-0.03252707502314609,-6.880837606387581,0.17111198361547428,0.34222396723094856,True,0.00805,-0.0014803571428571,0.0128047157622739,-0.0004333333333333,-0.0068874999999999,0.00335,True,0.056569684158324744,0.0075324088731598,0.5204506189480932,-0.0068645638309428,-0.1103942578932872,-0.0010690422790432,-0.1103942578932872,40.0,0.0,True,exact_AoS_exact_dR,0.0,0.0,330.0,0.034608752698998047,0.06898509874297536,0.007219591,0.2577043630213462,0.017777760929523136,0.0,0.0009078527881911083,-0.0018451183415237606,0.006282325446667347,40.25023358827965,2.0126179456415123,0.5013271167952835,0.04791574838733027,0.008900582025393332,-0.10221838525204259,-0.006351179478803547,-0.0043640374340581725,0.029286452635326494,0.0849543927173969,0.0003798401876512003,0.021763239641870987,2.524763239641871,-0.001848882807338328,0.000462220701834582,0.4994782339879452,-0.10175616455020801,True,0.31264138635390964,0.0054566215698753934,0.0027362334857662174,2.8374046259957804,0.05065198187309649,True,0.5014888801603589,0.009544406815858462,0.5468945105486899,-0.08573118347361262,3.04989451054869,-0.01602498107659539,True
2.0,7.0,51.0,6.0,4.995,0.0,416.28,101203.0,289.09,-588.7,-98.3,1607.6,1547.6,-976.6,23.4,0.0,1.219558861881395,975.602712549633,39.99909029687908,448644.2087623428,123.03,123.03,17.84,17.8,0.0,17.882,18.861,34.143,33.598,101203.0,1.4708838790275729e-05,1.599983067669266,1.599983067669266,-5.259944205731627,-1.175048692435734,169.5546635555052,-2.1839098326126627,-8.006898540473433,-0.0911829393195901,-0.0248261239518525,-0.0055460482748246,0.8002718145673056,-0.0073806338389104,-0.2290665987582725,-0.0003081573595318,0.7950710413341843,-0.0944105547759178,0.0055460482748246,0.8002718145673057,-0.0248261239518525,0.0055460482748246,-0.0082830072297409,-0.2174192820308246,-0.2174192820308246,-0.0043857134245285,-570.1,-83.89999999999999,1622.6,1558.6,-1045.7,13.999999999999998,-18.6,-14.4,-15.0,-11.0,69.1,9.4,rudder_0_elevator_0,raw_rudder_0_elevator_0.txt,0.0,0.0,40.0,5.0,0.0,1.599983067669266,1.6,0.32715884474378765,0.09717968127320502,0.3254378087218648,0.002769126497287222,0.07198449805276577,0.7918104955542541,0.0055460482748246,0.3150308760581245,0.09357717395818145,0.3133736398426753,-0.0008333808177363455,0.06059567197951354,0.7852741615720874,0.0072960482748246,0.0026104929565514967,-0.09702104773246929,-20.55884822272681,0.32662479930090527,0.6532495986018105,True,0.0078,-0.00175,0.0068499999999999,-0.0006,-0.00465,0.0033,True,0.06839567197951354,0.0055460482748246,0.7921241615720873,-0.0088830072297409,-0.2220692820308246,-0.0010857134245285,-0.2220692820308246,40.0,0.0,True,exact_AoS_exact_dR,0.0,0.0,330.0,0.034608752698998047,0.06898509874297536,0.007219591,0.6166555088327448,0.04254004116722661,0.0,0.0009078527881911083,-0.003968055825538711,0.004159387962652397,40.16546203157697,1.6066380179813773,0.7787821738458388,0.06009471781852696,0.007235730670899553,-0.2156218418762063,-0.008214530277482273,-0.004349456026646106,0.0920744324026466,0.0849543927173969,0.0005495194138115596,0.031485143171905365,5.0264851431719055,-0.0026748012177895157,0.0006687003044473789,0.7761073726280493,-0.21495314157175893,True,0.45230209163701396,0.007894160712723003,0.005726871124076804,5.4787872348089195,0.06582158894260376,True,0.7255100550650359,0.01380800928691049,0.7911989321399711,-0.12402834460226188,5.786198932139971,-0.09092479696949705,True
9.0,7.0,55.0,15.0,5.004,0.0,415.74,101196.0,289.4,1657.3,-50.7,1200.8,1143.3,858.4,48.0,0.0,1.2181682287001427,974.3274371323666,39.99574859958378,447722.5561010118,82.02,82.01,0.97,0.85,0.0,23.0,23.175,30.511,30.446,101196.0,1.4737886083598156e-05,2.399774097228049,2.4000667169204317,15.403073068312322,-0.1042825597812277,164.91248209436063,-1.0788088274293344,-5.981441108621704,-0.2538280638089084,0.0727952805664744,-0.000492841796166,0.7793802152162367,-0.0036506610693084,-0.1713449621079496,-0.0008589475792974,0.782759283533847,0.004536164110528,0.000492841796166,0.7793802152162368,0.0727952805664744,0.000492841796166,-0.003100204515515,-0.1872125280145295,-0.1872125280145295,-0.00448622013772,1675.9,-36.3,1215.8,1154.3,789.3,38.6,-18.6,-14.4,-15.0,-11.0,69.1,9.4,rudder_0_elevator_0,raw_rudder_0_elevator_0.txt,0.0,0.0,40.0,5.0,0.0,2.399774097228049,2.4,0.04542827202393426,0.0059983675366546444,0.020087487028787997,0.010534531647182644,0.0787707859913542,0.778857005868055,0.000492841796166,-0.017008797437804132,-0.002245848539753092,-0.007520955182428345,0.0022903155707749076,0.06275799182903948,0.7727261100065141,0.002242841796166,0.0026104929565514967,0.0019256711539765029,0.4075180769744054,-0.014583953463491247,-0.029167906926982495,True,0.0078,-0.00175,0.0068499999999999,-0.0006,-0.00465,0.0033,True,0.07055799182903948,0.000492841796166,0.7795761100065141,-0.003700204515515,-0.1918625280145295,-0.00118622013772,-0.1918625280145295,40.0,0.0,True,exact_AoS_exact_dR,0.0,0.0,330.0,0.034608752698998047,0.06898509874297536,0.007219591,0.5971056410857994,0.04119139161029148,0.0,0.0009078527881911083,-0.00030855980550319217,0.007818883982687916,40.30847071768467,2.4185376524789346,0.7607826569380267,0.06178798820113523,0.0022081758577621262,-0.18431892313536272,-0.003052286958887524,-0.004416879967929037,-0.0022097828007980724,0.0849543927173969,0.0005495194138115596,0.031485143171905365,5.035485143171905,-0.0026748012177895157,0.0006687003044473789,0.7581078557202372,-0.18365022283091534,True,0.45230209163701396,0.007894160712723003,0.005726871124076804,5.487787234808919,0.06751485932521203,True,0.7255100550650359,0.01380800928691049,0.7911989321399711,-0.12402834460226188,5.795198932139971,-0.05962187822865346,True
3.0,7.0,51.0,36.0,7.0,0.0,415.96,101202.0,289.11,-216.1,70.7,1998.7,1793.5,-909.6,-8.7,0.0,1.2194624456700005,974.8469905261348,39.985175845220525,448428.59782865416,123.04,123.02,17.52,17.53,0.0,18.766,20.138,34.169,33.656,101202.0,1.4710791799752166e-05,1.599296490435402,1.5995564963678417,-1.7328710417294697,1.1918024030624683,210.12050267760645,-2.0808255092298222,-11.448054933856753,0.149801604776535,-0.0081852240196132,0.0056294839149967,0.9925051224893482,-0.0070377067024908,-0.3277673505223425,0.0005066545720933,0.9841096119342072,-0.1290801602050115,-0.0056294839149967,0.992505122489348,-0.0081852240196132,-0.0056294839149967,-0.0060721345349181,-0.3234103208361368,-0.3234103208361368,-0.0037614341765738,-186.25,92.75,2023.05,1810.8,-1024.95,-22.45,-29.85,-22.05,-24.35,-17.3,115.35,13.75,rudder_0_elevator_0,raw_rudder_0_elevator_0.txt,0.0,0.0,40.0,7.0,0.0,1.599296490435402,1.6,0.32731302072104373,0.09730897352516005,0.3258707859307802,-0.03177118667985146,0.08839842317295171,0.9806461417784079,-0.0056294839149967,0.3152809678370373,0.09373188785663433,0.313891749713295,-0.035348272348377174,0.0788480005585652,0.9741320788601352,-0.0011794839149967002,-0.03290505283652946,-0.09617510736848205,-20.36380623682364,0.32349909541291505,0.6469981908258301,True,0.006,-0.00445,0.00695,0.0006,-0.0020499999999999,0.0036,True,0.0848480005585652,-0.0056294839149967,0.9810820788601352,-0.0054721345349181,-0.3254603208361367,-0.0001614341765738,-0.3254603208361367,40.0,0.0,True,exact_AoS_exact_dR,0.0,0.0,330.0,0.034608752698998047,0.06898509874297536,0.007219591,0.9489333070643686,0.06546225788833362,0.0,0.0009078527881911083,-0.003972293425061996,0.004155150363129112,40.15132026315358,1.6059418078283858,0.9660869262195334,0.07819681145016197,-0.0011697428045875382,-0.32073934279000027,-0.006021986048642144,-0.0037303692801857018,0.09222666177421553,0.0849543927173969,0.0006296466954220215,0.03607609823204105,7.036076098232041,-0.0030648230169162028,0.0007662057542290507,0.9630221032026172,-0.31997313703577124,True,0.5182537871707916,0.009045234947060263,0.007518742068985412,7.554329885402832,0.08571555351914738,True,0.8312991264468756,0.015821401754590538,0.9065663205380378,-0.1421133364075428,7.906566320538038,-0.17785980062822843,True
6.0,7.0,53.0,47.0,7.006,0.0,416.26,101199.0,289.29,1969.1,-64.5,1525.0,1461.2,901.2,59.9,0.0,1.2186675534126223,975.5554796455186,40.012746255470425,448228.6736905813,82.02,82.02,0.76,0.72,0.0,23.217,24.648,30.772,30.7,101199.0,1.4727501124805384e-05,2.4007939689828888,2.4007939689828888,18.371565696295946,-0.1102875643618822,205.20409038595216,-1.2244884335809234,-9.150695542737266,-0.3031889794755752,0.086715149781392,-0.0005205654662625,0.9685784939472968,-0.0041384210083733,-0.2618017675902158,-0.0010246921144854,0.9719234217477976,-0.0320730166475766,0.0005205654662625,0.9685784939472968,0.086715149781392,0.0005205654662625,-0.0047281633461442995,-0.2841926899534995,-0.2841926899534995,-0.0051397142007207994,1998.95,-42.45,1549.35,1478.5,785.85,46.15,-29.85,-22.05,-24.35,-17.3,115.35,13.75,rudder_0_elevator_0,raw_rudder_0_elevator_0.txt,0.0,0.0,40.0,7.0,0.0,2.4007939689828888,2.4,0.044974796307502424,0.005933446076982601,0.01987007637979341,-0.026139570570593997,0.09260429309538422,0.9678547720561522,0.0005205654662625,-0.01750202392608224,-0.00230901135145653,-0.007732476426006929,-0.03438202799903313,0.07842337893087187,0.9619101316398398,0.0049705654662625,-0.03290505283652946,0.0008320361889528616,0.17630068904968466,-0.006306732653017631,-0.012613465306035262,True,0.006,-0.00445,0.00695,0.0006,-0.0020499999999999,0.0036,True,0.08442337893087187,0.0005205654662625,0.9688601316398399,-0.0041281633461443,-0.2862426899534994,-0.0015397142007208,-0.2862426899534994,40.0,0.0,True,exact_AoS_exact_dR,0.0,0.0,330.0,0.034608752698998047,0.06898509874297536,0.007219591,0.925271101351374,0.0638299182907461,0.0,0.0009078527881911083,-0.0003052840198744909,0.007822159768316617,40.32573234944982,2.419573362979084,0.9470364453305817,0.07721074513155701,0.004893707317987479,-0.2797983159026237,-0.004655053378678218,-0.005060240563604163,-0.002271931290547808,0.0849543927173969,0.0006296466954220215,0.03607609823204105,7.042076098232041,-0.0030648230169162028,0.0007662057542290507,0.9439716223136655,-0.2790321101483947,True,0.5182537871707916,0.009045234947060263,0.007518742068985412,7.560329885402832,0.08472948720054242,True,0.8312991264468756,0.015821401754590538,0.9065663205380378,-0.1421133364075428,7.912566320538038,-0.13691877374085187,True
5.0,7.0,53.0,12.0,7.998,0.0,416.07,101200.0,289.23999999999995,-1.0,83.7,2132.1,1912.3,-837.9,-12.1,0.0,1.2188902649715678,975.106768902776,39.99988835988295,448226.6610461791,123.04,123.03,17.74,18.07,0.0,22.178,23.889,34.051,33.574,101200.0,1.4722834624823385e-05,1.59988495034755,1.6000149905776035,0.2192037672986641,1.328114563819772,227.3877373427449,-2.189962732440984,-12.982519940662565,0.1572853249701404,0.0010351341192853,0.0062716837227369,1.0737808393131982,-0.007404854147612,-0.3716013373194924,0.0005318240688349,1.0634801208836708,-0.1483792265246538,-0.0062716837227369,1.0737808393131982,0.0010351341192854,-0.0062716837227369,-0.006556325609639899,-0.3718430929436114,-0.3718430929436114,-0.0040576954065482,26.1,102.2,2163.6,1935.5,-984.9,-23.6,-27.1,-18.5,-31.5,-23.2,147.0,11.5,rudder_0_elevator_0,raw_rudder_0_elevator_0.txt,0.0,0.0,40.0,8.0,0.0,1.59988495034755,1.6,0.32718088965562253,0.09719815031034658,0.3254996583070642,-0.05118107621430722,0.09728783084794584,1.0602568311716285,-0.0062716837227369,0.3150704037216341,0.09360039485041696,0.3134514025620697,-0.05477883167423683,0.089325071020904,1.053207417592009,-0.0006216837227369003,-0.04948987696931618,-0.09888934955533762,-20.94409081968989,0.33287367364167936,0.6657473472833587,True,0.0043999999999999,-0.00565,0.00755,0.0009,-4.99999999999997e-05,0.0038,True,0.09372507102090391,-0.0062716837227369,1.060757417592009,-0.0056563256096399,-0.3718930929436114,-0.0002576954065482,-0.3718930929436114,40.0,0.0,True,exact_AoS_exact_dR,0.0,0.0,330.0,0.034608752698998047,0.06898509874297536,0.007219591,1.1092458644708283,0.07652143549075716,0.0,0.0009078527881911083,-0.0039686612741490785,0.004158782514042029,40.16623919615767,1.6065385239035346,1.04450164211289,0.0885867131248475,-0.000616544906945473,-0.368769451012728,-0.006502131252695452,-0.004024154639001361,0.0920972803941175,0.0849543927173969,0.0006697103362272524,0.03837157576210888,8.036371575762109,-0.003259833916479546,0.0008149584791198865,1.0412418081964105,-0.3679544925336081,True,0.5512296349376804,0.009620772064228891,0.008505999120321602,8.58760121069979,0.0970927122451691,True,0.8841936621377955,0.016828097988430563,0.9642500147370713,-0.1511558323101833,8.962250014737071,-0.2167986602234248,True
8.0,7.0,54.0,48.0,7.996,0.0,415.97,101196.0,289.39,2151.5,-75.7,1644.4,1580.5,956.7,71.3,0.0,1.218210323044408,974.8706066959188,40.00620428197657,447867.08634707896,82.02,82.03,1.45,1.07,0.0,23.323,23.761,30.796,30.768,101196.0,1.4736981583929451e-05,2.4004014458001754,2.400108820974404,20.0229379369488,-0.177621560869135,221.24477833864012,-1.3132507392252135,-10.580127724423312,-0.3922366597980252,0.0945761446297343,-0.000838975902688,1.0450253714324462,-0.0044415303422105,-0.3029105332529487,-0.0013265791320613,1.0480213243085983,-0.0517105198678009,0.000838975902688,1.045025371432446,0.0945761446297342,0.000838975902688,-0.0053479852549513,-0.3295171003481029,-0.3295171003481029,-0.005764409946464,2178.6,-57.2,1675.9,1603.7,809.7,59.8,-27.1,-18.5,-31.5,-23.2,147.0,11.5,rudder_0_elevator_0,raw_rudder_0_elevator_0.txt,0.0,0.0,40.0,8.0,0.0,2.4004014458001754,2.4,0.045149346145175046,0.005958422343153949,0.01995371754043898,-0.04575209752464695,0.10047663789457588,1.0441965312482393,0.000838975902688,-0.017327105111457446,-0.002286682290067188,-0.007657700292620216,-0.05399720215786809,0.08791169396237342,1.037793458009961,0.006488975902688,-0.04948987696931618,-0.002220642898484719,-0.4702031371630098,0.016826698262453286,0.03365339652490657,True,0.0043999999999999,-0.00565,0.00755,0.0009,-4.99999999999997e-05,0.0038,True,0.09231169396237332,0.000838975902688,1.045343458009961,-0.0044479852549513,-0.3295671003481029,-0.001964409946464,-0.3295671003481029,40.0,0.0,True,exact_AoS_exact_dR,0.0,0.0,330.0,0.034608752698998047,0.06898509874297536,0.007219591,1.0770152614882726,0.07429800416145992,0.0,0.0009078527881911083,-0.0003065444246095175,0.00782089936358159,40.319088779584796,2.4191747439399744,1.021748969504803,0.0865525620923836,0.006388655074417828,-0.3244227019512136,-0.005265304363790781,-0.005675291048660953,-0.002249960808147621,0.0849543927173969,0.0006697103362272524,0.03837157576210888,8.03437157576211,-0.003259833916479546,0.0008149584791198865,1.0184891355883234,-0.3236077434720937,True,0.5512296349376804,0.009620772064228891,0.008505999120321602,8.58560121069979,0.0950585612127052,True,0.8841936621377955,0.016828097988430563,0.9642500147370713,-0.1511558323101833,8.960250014737072,-0.1724519111619104,True
13.0,7.0,57.0,22.0,7.993,0.0,415.45,101195.0,289.54999999999995,1379.4,-43.6,1809.9,1704.9,318.7,49.4,0.0,1.217525130969375,973.6425781390956,39.99224732172096,447267.1145115298,98.43,98.43,6.55,6.51,0.0,21.541,21.489,30.335,30.288,101195.0,1.475160183984e-05,1.9995147897643075,1.9995147897643075,12.919452455049164,0.0613743716384552,223.34106814641535,-1.7048789287101118,-11.367594559146712,-0.2477868018154132,0.0611005798085285,0.0002902607293568,1.0562575160427063,-0.0057733241357446,-0.3258663070821697,-0.0008390939082825,1.0544922073611318,-0.0863678508722669,-0.0002902607293568,1.056257516042706,0.0611005798085285,-0.0002902607293568,-0.0064195428200599,-0.3430376868666317,-0.3430376868666317,-0.0054223591301789005,1406.5,-25.1,1841.4,1728.1,171.7,37.9,-27.1,-18.5,-31.5,-23.2,147.0,11.5,rudder_0_elevator_0,raw_rudder_0_elevator_0.txt,0.0,0.0,40.0,8.0,0.0,1.9995147897643075,2.0,0.20827517743855958,0.03961282808224004,0.13265645451252037,-0.04675502279002686,0.10032857182307363,1.0507492684829194,-0.0002902607293568,0.15678864322247604,0.029820363835972672,0.09986319912682738,-0.056547487036294225,0.08623124073482663,1.0445609313557853,0.005359739270643199,-0.04948987696931618,-0.036877973902950716,-7.7987757255865855,0.1938959405338498,0.3877918810676996,True,0.0043999999999999,-0.00565,0.00755,0.0009,-4.99999999999997e-05,0.0038,True,0.09063124073482653,-0.0002902607293568,1.0521109313557853,-0.0055195428200599,-0.3430876868666317,-0.0016223591301789,-0.3430876868666317,40.0,0.0,True,exact_AoS_exact_dR,0.0,0.0,330.0,0.034608752698998047,0.06898509874297536,0.007219591,1.0911075393148657,0.07527016133884087,0.0,0.0009078527881911083,-0.0018475506765511217,0.006279893111639986,40.24339436019564,2.0120715289191704,1.0315640258654923,0.0851583121458868,0.005293050940013462,-0.3387694548640931,-0.006339667928305224,-0.005354891654578515,0.029341483164095246,0.0849543927173969,0.0006697103362272524,0.03837157576210888,8.03137157576211,-0.003259833916479546,0.0008149584791198865,1.0283041919490128,-0.3379544963849732,True,0.5512296349376804,0.009620772064228891,0.008505999120321602,8.58260121069979,0.0936643112662084,True,0.8841936621377955,0.016828097988430563,0.9642500147370713,-0.1511558323101833,8.957250014737072,-0.1867986640747899,True
27.0,8.0,9.0,49.0,2.496,4.0,104.72,101191.0,289.31,212.9,-661.1,31.8,358.0,134.0,373.5,0.0,1.2184869752778251,244.3000732565651,20.024715325582857,224274.53474598163,49.21,49.21,0.54,0.59,0.0,19.909,19.666,45.047,43.803,101191.0,1.473047415228197e-05,2.00257726863807,2.00257726863807,2.120225679888427,-6.017371708195695,27.118367808100366,-1.161859810383585,-0.7746376981219998,-2.429493643033065,0.0399631096125883,-0.1134185324870543,0.5111410146143649,-0.0156805787450819,-0.0885004486295672,-0.0327886945049582,0.5123964559724666,0.0176651877365113,0.1134185324870543,0.5111410146143649,0.0477774383696413,0.1103545650358873,-0.04004145430674701,-0.0957766696967511,-0.0957766696967511,-0.027682636872707698,230.6,-664.6,38.6,357.9,112.2,371.9,-17.7,3.5,-6.8,0.1,21.8,1.6,rudder_0_elevator_0,raw_rudder_0_elevator_0.txt,0.0,0.0,20.0,2.5,4.0,2.00257726863807,2.0,0.20716844721163527,0.039281912526429416,0.13154827601322866,0.05694710026294071,0.08692648476418036,0.5094303014442847,0.10761699703088853,0.12023023653707317,0.022797263281394017,0.0763440598893787,0.04046245101790531,0.06304759277330826,0.5011434862309889,0.10264617421443169,0.040325035958505,-0.0226598482219937,-1.2023763205097318,0.11950552476393067,0.23901104952786134,True,0.00745,0.0061196428571428,0.0090047157622739,-0.0061333333333333,-0.0039875,-0.00715,True,0.07049759277330826,0.10876581707157448,0.5101482019932628,-0.0461747876400803,-0.0997641696967511,-0.0348326368727077,-0.0997641696967511,20.0,0.0,True,exact_AoS_exact_dR,4.0,0.0,83.0,0.046492360473406,0.06095499604683898,0.007219591,0.25114479379174937,0.015308529912760273,0.0012467023871419926,0.001383098971891303,-0.0018337234092183385,0.006768966562672965,20.16026195404877,2.01613264720865,0.49442730827668235,0.062202647434717116,0.10127054030659094,-0.0944930988727701,-0.0395048304853024,-0.02731164229612478,0.022410031688675777,0.08926246270895928,0.0003858107175388829,0.022105325805891918,2.518105325805892,-0.0019731758204178224,0.0004932939551044556,0.4924541324562645,-0.09399980491766564,True,0.3175556497784703,0.005542391646944308,0.0028229286765782883,2.835660975584362,0.0650255761112954,True,0.5093715488317617,0.009694430873361859,0.5554908890436345,-0.08707875176648015,3.0514908890436345,-0.006921053151185491,True
16.0,8.0,0.0,20.0,2.496,3.995,413.97,101192.0,289.75,588.1,-2455.4,229.2,1481.6,182.4,1376.5,0.0,1.2166486644737404,970.1475569108349,39.93478063330014,446063.8390304393,98.42,98.42,6.3,6.11,0.0,21.348,21.644,30.356,30.057,101192.0,1.4770140458672609e-05,1.996844465052762,1.996844465052762,5.567716170096241,-22.277326389992847,109.4524423345476,-3.260611784160568,-3.773363858537424,-8.985771920477616,0.0264265259699509,-0.1057367736430508,0.5195034591316974,-0.0110813648734611,-0.1085578746796231,-0.0305386301442658,0.5201614533888876,0.0037772652805586,0.1057367736430508,0.5195034591316974,0.033728932698674,0.1036387267110638,-0.033381520968053,-0.1120187694663605,-0.1120187694663605,-0.0251401226352384,605.8000000000001,-2458.9,236.0,1481.5,160.6,1374.9,-17.7,3.5,-6.8,0.1,21.8,1.6,rudder_0_elevator_0,raw_rudder_0_elevator_0.txt,0.0,0.0,40.0,2.5,4.0,1.996844465052762,2.0,0.20923810972261989,0.03990247993532521,0.13362644806595936,0.04367974521588381,0.07349669003135625,0.5177657204740316,0.10086138156226053,0.1577921705305972,0.030091549416573132,0.10077135235342077,0.03386881469713173,0.05626888412280329,0.5091882672091699,0.09542461205849494,0.03450299114999819,-0.030725725869439592,-6.474403568958412,0.1611176250498012,0.3222352500996024,True,0.00745,0.0061196428571428,0.0090047157622739,-0.0061333333333333,-0.0039875,-0.00715,True,0.06371888412280328,0.10154425491563773,0.5181929829714438,-0.0395148543013863,-0.1160062694663605,-0.0322901226352384,-0.1160062694663605,40.0,0.0,True,exact_AoS_exact_dR,4.0,0.0,348.0,0.04128048246965465,0.05939308005467165,0.007219591,0.259272691463477,0.01539900372008047,0.0,0.0010828648300010859,-0.0018596350431354944,0.006442820786865591,40.19207326808329,2.0097097760803413,0.5026899184688528,0.055550770890810335,0.09420678665382819,-0.11058916655456644,-0.032955500223463635,-0.024819280041685456,0.029598036420969275,0.08379140479445407,0.00038266663869872226,0.021925183357894326,2.517925183357894,-0.0018371419139339513,0.00045928547848348783,0.5008527765549189,-0.11012988107608294,True,0.3149678004688115,0.005497225155945301,0.0027771064875283815,2.8328929838267056,0.058327877378338715,True,0.5052205384122537,0.009615428259928071,0.5509640392938784,-0.08636912279970838,3.0469640392938784,-0.02376075827637457,True
17.0,8.0,1.0,29.0,2.496,3.995,415.08,101195.0,289.81,613.0,-2467.7,227.7,1479.7,195.7,1366.3,0.0,1.216432841075817,972.7688038271756,39.9922415436452,446554.68065121904,98.44,98.42,6.75,6.16,0.0,21.385,21.763,30.413,30.14,101195.0,1.477513442797538e-05,1.9993113807505956,1.9997176622748285,5.796965784003035,-22.599052039638934,109.5711937655059,-3.605179210516535,-3.842201832801874,-8.920296611360211,0.0274404913470362,-0.1069747718118685,0.5186657134847812,-0.0122193802324399,-0.1102404510279714,-0.0302344182398463,0.5193686603688159,0.0048267521943313,0.1069747718118685,0.5186657134847813,0.0348266848895029,0.1048030743307436,-0.0348803073834132,-0.1139871349660033,-0.1139871349660033,-0.0249009554339986,630.7,-2471.2,234.5,1479.6,173.89999999999998,1364.7,-17.7,3.5,-6.8,0.1,21.8,1.6,rudder_0_elevator_0,raw_rudder_0_elevator_0.txt,0.0,0.0,40.0,2.5,4.0,1.9993113807505956,2.0,0.20834859599708586,0.039634855533630046,0.13273022060660683,0.044461607727961344,0.074327721399816,0.516939629773608,0.1020443567292746,0.15687177221501775,0.029842245873035363,0.09993647825368553,0.03466899806736666,0.05711817449277147,0.5083613786419592,0.09660631203292429,0.03450299114999819,-0.02967623895566689,-6.270155549099791,0.15599912343924058,0.31199824687848116,True,0.00745,0.0061196428571428,0.0090047157622739,-0.0061333333333333,-0.0039875,-0.00715,True,0.06456817449277147,0.10272595489006708,0.5173660944042331,-0.0410136407167465,-0.1179746349660033,-0.0320509554339986,-0.1179746349660033,40.0,0.0,True,exact_AoS_exact_dR,4.0,0.0,348.0,0.04128048246965465,0.05939308005467165,0.007219591,0.2584312912947534,0.015349030372501456,0.000488661650615365,0.001146957408813681,-0.00184847028127284,0.006518078127540841,40.25291409852217,2.01234304853161,0.501798535442724,0.056380790342889724,0.09535914396594372,-0.11251558396913103,-0.034430009627297295,-0.02457948910533878,0.02934909029280298,0.08379140479445407,0.00038266663869872226,0.021925183357894326,2.517925183357894,-0.0018371419139339513,0.00045928547848348783,0.49996139352879004,-0.11205629849064754,True,0.3149678004688115,0.005497225155945301,0.0027771064875283815,2.8328929838267056,0.059157896830418104,True,0.5052205384122537,0.009615428259928071,0.5509640392938784,-0.08636912279970838,3.0469640392938784,-0.02568717569093916,True
29.0,8.0,11.0,37.0,2.496,7.995,104.54,101188.0,289.23,131.1,-1319.7,-130.1,578.5,48.1,714.7,0.0,1.2187878701265824,243.88016865176184,20.00502873465478,224157.49060077552,49.21,49.21,0.64,0.54,0.0,19.357,19.146,45.333,43.908,101188.0,1.472367638327818e-05,2.000608505594573,2.000608505594573,1.323896135517814,-12.365650134237764,28.547525139050563,-1.7192575823454523,-1.09676766581269,-4.632984536707024,0.0249964427710179,-0.2334754650416799,0.5390049560899799,-0.0232432266564304,-0.1255187463089271,-0.0626348900759312,0.5395821689726242,0.0014992556700909,0.2334754650416799,0.5390049560899799,0.0572268106497111,0.2277294602604055,-0.0664034352837113,-0.1537765679011158,-0.1537765679011158,-0.0459035171706416,143.9,-1323.0,-121.1,576.5,22.5,708.9000000000001,-12.8,3.3,-9.0,2.0,25.6,5.8,rudder_0_elevator_0,raw_rudder_0_elevator_0.txt,0.0,0.0,20.0,2.5,8.0,2.000608505594573,2.0,0.20788021835831724,0.03949449092268637,0.1322601639979709,0.04099374659277727,0.09630031778658385,0.5372849852071571,0.2222415140663218,0.12085589315596093,0.02296102059587951,0.07689245458351764,0.024460276265970412,0.07709308274647667,0.528800296134423,0.16621927506058234,0.02385641275443468,-0.022357157084343778,-1.1842758845939618,0.11767744280240636,0.2353548856048127,True,0.00285,0.0583196428571428,0.0092047157622739,-0.0198333333333333,0.0212125,-0.02055,True,0.07994308274647667,0.22453891791772515,0.5380050118966969,-0.0862367686170446,-0.1325640679011158,-0.0664535171706416,-0.1325640679011158,20.0,0.0,True,exact_AoS_exact_dR,8.0,0.0,107.0,0.05745718394962356,0.06143498782801944,0.007219591,0.2796297531918535,0.0171790504836936,0.002456848313159503,0.0018294489881581473,-0.0018426085938304884,0.007206431394327659,20.149193601772623,2.015025753537049,0.5212603714887668,0.07599384729056079,0.16384922947291156,-0.15158393725639446,-0.06545661868411429,-0.04524899964679128,0.022551043413628083,0.08863090150478634,0.0003971380050436235,0.02275433157324483,2.518754331573245,-0.0020167369204755125,0.0005041842301188781,0.5192436345682913,-0.15107975302627558,True,0.32687898886749633,0.005705114611327702,0.0029911227053526735,2.845633320440741,0.07898496999591346,True,0.5243265454610891,0.009979056470073895,0.5717999357352341,-0.08963535792585531,3.067799935735234,-0.06144439510042027,True
14.0,7.0,59.0,10.0,2.496,8.0,415.27,101192.0,289.71,278.5,-5097.7,-397.9,2325.0,-116.1,2734.7,0.0,1.216816646064224,973.2174971615264,39.99515469372042,446847.75104092766,98.43,98.43,6.61,6.4,0.0,21.365,21.536,30.487,30.144,101192.0,1.4766519538545984e-05,1.999660151270639,1.999660151270639,2.67955245368697,-47.732128462512726,115.3908812435864,-6.297831942150662,-4.650451632708861,-17.853155834919452,0.0126780697202252,-0.2258404203693858,0.5459619331099399,-0.021336005493261,-0.1333692363833339,-0.0604835178939068,0.5459960849421571,-0.0111104043495336,0.2258404203693858,0.5459619331099399,0.0439855992421506,0.2218781106458244,-0.0624417966915293,-0.1581550879664135,-0.1581550879664135,-0.0435774101913899,291.3,-5101.0,-388.9,2323.0,-141.7,2728.9,-12.8,3.3,-9.0,2.0,25.6,5.8,rudder_0_elevator_0,raw_rudder_0_elevator_0.txt,0.0,0.0,40.0,2.5,8.0,1.999660151270639,2.0,0.20822270368949522,0.03959709035627289,0.1326037516122236,0.028486686006739287,0.08316013186710734,0.5442374940586653,0.21637248913163695,0.15673364249398097,0.02980556919939292,0.09981365446845568,0.01869516484985932,0.07062310028077307,0.5354591955230711,0.159414269779426,0.02058021377653152,-0.03169061812606512,-6.698852872995953,0.16664623911578014,0.3332924782315603,True,0.00285,0.0583196428571428,0.0092047157622739,-0.0198333333333333,0.0212125,-0.02055,True,0.07347310028077307,0.2177339126365688,0.544663911285345,-0.0822751300248626,-0.1369425879664135,-0.0641274101913899,-0.1369425879664135,40.0,0.0,True,exact_AoS_exact_dR,8.0,0.0,373.0,0.05536457036537403,0.05295461198253305,0.007219591,0.28671655007021446,0.015182963657938715,7.556625746031956e-05,0.001462228217265839,-0.0018468935942259424,0.006834925623039897,40.26851860133398,2.0133276796759305,0.5282139137448622,0.06966750129981793,0.15725724023604298,-0.15601509637311436,-0.06159689867586291,-0.042987765604760315,0.029294698586911642,0.08577161475725736,0.00039371647014572423,0.022558292064138473,2.5185582920641383,-0.001934861136506981,0.00048371528412674526,0.5262790526083552,-0.15553138108898762,True,0.3240627691816536,0.0056559623053502655,0.002939804804868758,2.842621061245792,0.07260730610468669,True,0.5198092201222739,0.009893082099636307,0.5668736043091603,-0.08886310621150398,3.0628736043091602,-0.06666827487748364,True
19.0,8.0,2.0,25.0,2.496,8.005,415.39,101195.0,289.86,284.1,-5122.0,-413.4,2337.9,-114.5,2732.8,0.0,1.21622300997786,973.500884146731,40.01073828644778,446624.3700950521,98.43,98.43,6.52,6.78,0.0,21.407,21.859,30.494,30.118,101195.0,1.477966153200642e-05,2.0004392928848964,2.0004392928848964,2.7312473459338054,-48.142912101942734,115.27225835190949,-6.270643180953521,-4.683874037626978,-17.841965428168702,0.012918897815415,-0.227717699353539,0.5452419125706428,-0.0212377103827304,-0.1342886469436774,-0.0604280108893895,0.5452872354889872,-0.0108384481008774,0.227717699353539,0.5452419125706428,0.0445048720051818,0.223699720356187,-0.0628746268093661,-0.1591423766402386,-0.1591423766402386,-0.0435407179717006,296.90000000000003,-5125.3,-404.4,2335.9,-140.1,2727.0,-12.8,3.3,-9.0,2.0,25.6,5.8,rudder_0_elevator_0,raw_rudder_0_elevator_0.txt,0.0,0.0,40.0,2.5,8.0,2.0004392928848964,2.0,0.2079413451374896,0.03951278795154146,0.13232143755740947,0.028674339850664057,0.08359552227087677,0.5435211448587904,0.2182024090142256,0.15639663945354088,0.029718319110494763,0.09952146913331367,0.018879871009617362,0.07105569333566833,0.5347429746937821,0.16124544511343505,0.02058021377653152,-0.031418661877408924,-6.64329985927443,0.16534492127512615,0.3306898425502523,True,0.00285,0.0583196428571428,0.0092047157622739,-0.0198333333333333,0.0212125,-0.02055,True,0.07390569333566833,0.21956508797057786,0.543947690456056,-0.0827079601426994,-0.1379298766402386,-0.0640907179717006,-0.1379298766402386,40.0,0.0,True,exact_AoS_exact_dR,8.0,0.0,373.0,0.05536457036537403,0.05295461198253305,0.007219591,0.28595004898435483,0.015142373890352829,0.0005487490799414695,0.0015242906019535842,-0.0018433729182649199,0.006900508683688664,40.28683273343421,2.0142433415966408,0.5274386693994549,0.07008511026756721,0.15904291789163721,-0.15696857621787538,-0.062015792769058255,-0.04294597486734917,0.029205349957525134,0.08577161475725736,0.00039371647014572423,0.022558292064138473,2.5185582920641383,-0.001934861136506981,0.00048371528412674526,0.525503808262948,-0.15648486093374864,True,0.3240627691816536,0.0056559623053502655,0.002939804804868758,2.842621061245792,0.07302491507243597,True,0.5198092201222739,0.009893082099636307,0.5668736043091603,-0.08886310621150398,3.0628736043091602,-0.06762175472224466,True
30.0,8.0,12.0,3.0,2.496,10.0,104.35,101189.0,289.23,275.9,-946.0,-97.8,526.8,108.5,479.3,0.0,1.2187999149132185,243.43693926644173,19.98674307357949,223954.8119558709,49.21,49.21,0.61,0.57,0.0,19.246,19.051,45.458,44.008,101189.0,1.472353087658888e-05,1.998779842933656,1.998779842933656,2.565396612103248,-9.397270636884524,28.90867164337575,0.0346801363503658,-1.6456958592041184,-3.110542281309145,0.0485253659171815,-0.1777526305781426,0.5468175419957251,0.000469706178459,-0.188683332688573,-0.0421290422023828,0.5484120189448478,0.0246656207803266,0.1777526305781426,0.5468175419957251,0.0786545769483922,0.1666258273495302,-0.0288152762675294,-0.2193728511106327,-0.2193728511106327,-0.0241004589743181,278.9,-956.7,-87.6,525.5999999999999,80.8,475.6,-3.0,10.7,-10.2,1.2,27.7,3.7,rudder_0_elevator_0,raw_rudder_0_elevator_0.txt,0.0,0.0,20.0,2.5,10.0,1.998779842933656,2.0,0.20854039643978603,0.0396924448749201,0.13292307726953909,0.06435806565524671,0.11770691886405775,0.5450889502894399,0.15973984580994627,0.12139433284080789,0.023105537088603106,0.07737641512032897,0.04777115786892971,0.0951375009940803,0.5368065883988586,0.10069775663273636,0.05020857742731612,-0.025542956646989516,-1.350571143190195,0.1342003074437269,0.2684006148874538,True,0.00625,0.0619196428571428,0.0090047157622739,-0.0189333333333333,0.0170125,-0.0201499999999999,True,0.10138750099408031,0.16261739948987916,0.5458113041611325,-0.0477486096008627,-0.2023603511106327,-0.044250458974318,-0.2023603511106327,20.0,0.0,True,exact_AoS_exact_dR,10.0,0.0,124.0,0.07684518124363686,0.06371570194234737,0.007219591,0.28816131334842165,0.018360400352623398,0.0,0.0020157938847968513,-0.0018508740513167824,0.007384510833480069,20.134335394332318,2.0135398543375413,0.5289654413203131,0.09374782517023299,0.09922686201761627,-0.21616846646302804,-0.02839437081628196,-0.02374842297557647,0.022684600237796042,0.08811865610345389,0.0004005238450278116,0.022948325914445445,2.5189483259144456,-0.002022175639404997,0.0005055439098512493,0.5269432656809081,-0.2156629225531768,True,0.32966582854650656,0.005753754139451651,0.0030423423523043024,2.848614154460952,0.09679016752253729,True,0.5287967441321993,0.010064133919151416,0.5766748735673761,-0.0903995531804219,3.072674873567376,-0.1252633693727549,True
18.0,8.0,2.0,4.0,2.496,10.0,415.46,101192.0,289.85,104.2,-6118.5,-694.4,2709.2,-275.5,3205.9,0.0,1.2162289133388524,973.6661938368816,40.014038132906045,446675.3285531385,98.43,98.43,7.09,6.43,0.0,21.409,21.823,30.55,30.14,101192.0,1.4779194209807951e-05,2.000604277156577,2.000604277156577,0.9882850120363784,-58.29817614634724,116.96068544121565,-6.399412920426812,-4.962308336406782,-20.96031974134215,0.0046738298596078,-0.2757056447431462,0.5531343057494799,-0.0216701540181817,-0.1422473209441926,-0.0709773478775495,0.5528130711274231,-0.0194194045527236,0.2757056447431462,0.5531343057494799,0.0524786066641352,0.2707054544544336,-0.0772599530210152,-0.1605771537634964,-0.1605771537634964,-0.0550879118090203,107.2,-6129.2,-684.1999999999999,2708.0,-303.2,3202.2000000000003,-3.0,10.7,-10.2,1.2,27.7,3.7,rudder_0_elevator_0,raw_rudder_0_elevator_0.txt,0.0,0.0,40.0,2.5,10.0,2.000604277156577,2.0,0.20788174594342787,0.039494948094612556,0.13226169498704096,0.020075543541888955,0.0913366367449889,0.551414314956984,0.26385373533399803,0.15632134359483751,0.029699112460977433,0.09945714941287503,0.010279707908253832,0.07544877433263608,0.5428362043153016,0.203633507656509,0.027790533108513232,-0.04720993766123684,-9.983971652177543,0.24848961045316645,0.4969792209063329,True,0.00625,0.0619196428571428,0.0090047157622739,-0.0189333333333333,0.0170125,-0.0201499999999999,True,0.08169877433263609,0.2655531505136518,0.5518409200775755,-0.0961932863543485,-0.1435646537634964,-0.0752379118090202,-0.1435646537634964,40.0,0.0,True,exact_AoS_exact_dR,10.0,0.0,391.0,0.06885309636054321,0.054838597447374196,0.007219591,0.2946711447154438,0.01615935228440717,0.0,0.0018061464407620757,-0.0018426276921890716,0.007183109748573004,40.30146336029829,2.0149748372428573,0.5351209289231689,0.07437642862807978,0.2007392854617724,-0.15829488711819614,-0.07616186521920355,-0.054304952958808377,0.029170171525400464,0.08630268656025995,0.00039824623722809773,0.022817828600135766,2.518817828600136,-0.001969239909663252,0.000492309977415813,0.5331516890135056,-0.15780257714078033,True,0.32779115998003333,0.005721035000583052,0.003007839733395452,2.846608988580169,0.07738426836147523,True,0.52578970321853,0.01000690349405642,0.5733955702094329,-0.08988548958603071,3.0693955702094327,-0.06791708755474962,True
